[{"model": "contenttypes.contenttype", "pk": 1, "fields": {"app_label": "admin", "model": "logentry"}}, {"model": "contenttypes.contenttype", "pk": 2, "fields": {"app_label": "auth", "model": "permission"}}, {"model": "contenttypes.contenttype", "pk": 3, "fields": {"app_label": "auth", "model": "group"}}, {"model": "contenttypes.contenttype", "pk": 4, "fields": {"app_label": "contenttypes", "model": "contenttype"}}, {"model": "contenttypes.contenttype", "pk": 5, "fields": {"app_label": "sessions", "model": "session"}}, {"model": "contenttypes.contenttype", "pk": 6, "fields": {"app_label": "producto", "model": "producto"}}, {"model": "contenttypes.contenttype", "pk": 7, "fields": {"app_label": "producto", "model": "reservastock"}}, {"model": "contenttypes.contenttype", "pk": 8, "fields": {"app_label": "persona", "model": "persona"}}, {"model": "contenttypes.contenttype", "pk": 9, "fields": {"app_label": "persona", "model": "rol"}}, {"model": "contenttypes.contenttype", "pk": 10, "fields": {"app_label": "persona", "model": "cliente"}}, {"model": "contenttypes.contenttype", "pk": 11, "fields": {"app_label": "persona", "model": "gerente"}}, {"model": "contenttypes.contenttype", "pk": 12, "fields": {"app_label": "persona", "model": "jefetaller"}}, {"model": "contenttypes.contenttype", "pk": 13, "fields": {"app_label": "persona", "model": "tecnico"}}, {"model": "contenttypes.contenttype", "pk": 14, "fields": {"app_label": "rubro", "model": "rubro"}}, {"model": "contenttypes.contenttype", "pk": 15, "fields": {"app_label": "tarea", "model": "estadotarea"}}, {"model": "contenttypes.contenttype", "pk": 16, "fields": {"app_label": "tarea", "model": "observaciontarea"}}, {"model": "contenttypes.contenttype", "pk": 17, "fields": {"app_label": "tarea", "model": "tarea"}}, {"model": "contenttypes.contenttype", "pk": 18, "fields": {"app_label": "tarea", "model": "tipotarea"}}, {"model": "contenttypes.contenttype", "pk": 19, "fields": {"app_label": "tarea", "model": "tareacancelada"}}, {"model": "contenttypes.contenttype", "pk": 20, "fields": {"app_label": "tarea", "model": "tareapendiente"}}, {"model": "contenttypes.contenttype", "pk": 21, "fields": {"app_label": "tarea", "model": "tareapresupuestada"}}, {"model": "contenttypes.contenttype", "pk": 22, "fields": {"app_label": "tarea", "model": "tarearealizada"}}, {"model": "contenttypes.contenttype", "pk": 23, "fields": {"app_label": "tarifa", "model": "tarifa"}}, {"model": "contenttypes.contenttype", "pk": 24, "fields": {"app_label": "servicio", "model": "tiposervicio"}}, {"model": "contenttypes.contenttype", "pk": 25, "fields": {"app_label": "usuario", "model": "usuario"}}, {"model": "contenttypes.contenttype", "pk": 26, "fields": {"app_label": "orden", "model": "equipo"}}, {"model": "contenttypes.contenttype", "pk": 27, "fields": {"app_label": "orden", "model": "orden"}}, {"model": "sessions.session", "pk": "3x94ezbd3frg8tbtte31hdpgvpjpalbf", "fields": {"session_data": "N2ZmY2EwOGZmZmIzMDQ5ZWYwMWVmODkxMjczOTE0YzM4MDU3MWY5Nzp7Il9hdXRoX3VzZXJfaWQiOiIxIiwiX2F1dGhfdXNlcl9iYWNrZW5kIjoiZGphbmdvLmNvbnRyaWIuYXV0aC5iYWNrZW5kcy5Nb2RlbEJhY2tlbmQiLCJfYXV0aF91c2VyX2hhc2giOiIxYjJlZjg5ZTk0MDNkNDgyZDU5MmNhYzg0Y2NmNGEzMWM3Y2UzYmMxIiwibGVsYV9lc3RpbG8iOnRydWV9", "expire_date": "2017-12-19T20:27:18.346Z"}}, {"model": "producto.producto", "pk": 1, "fields": {"deleted": null, "nombre": "Ssd", "descripcion": "los SSD que son una masa", "marca": "Hyperx", "stock_minimo": 1, "stock": 1, "precio": "1800.00"}}, {"model": "producto.reservastock", "pk": 3, "fields": {"deleted": null, "producto": 1, "tarea": 4, "precio_unitario": "1800.00", "cantidad": 2, "cancelada": false}}, {"model": "persona.persona", "pk": 1, "fields": {"deleted": null, "nombre": "Luciano", "apellido": "Serruya Aloisi", "tipo_doc": "DU", "doc": "39441235", "domicilio": "Bolivia 2466", "email": "lucianoserruya@hotmail.com", "telefono": "2804260277"}}, {"model": "persona.persona", "pk": 2, "fields": {"deleted": null, "nombre": "Marcos", "apellido": "Paredes", "tipo_doc": "DU", "doc": "34432123", "domicilio": "Mitre 665", "email": "marquitos@dit.com", "telefono": "154123123"}}, {"model": "persona.persona", "pk": 3, "fields": {"deleted": null, "nombre": "Jos\u00e9 Franciso", "apellido": "de San Mart\u00edn y Matorras", "tipo_doc": "DU", "doc": "1", "domicilio": "uhmmmmm", "email": "soii_el_procer_blda@hotmail.com", "telefono": "154123123"}}, {"model": "persona.persona", "pk": 4, "fields": {"deleted": null, "nombre": "Richard", "apellido": "Stallman", "tipo_doc": "DU", "doc": "17148841", "domicilio": "En su casa", "email": "ricki@stallman.com", "telefono": "154666102"}}, {"model": "persona.rol", "pk": 1, "fields": {"deleted": null, "tipo": 10, "persona": null}}, {"model": "persona.rol", "pk": 2, "fields": {"deleted": null, "tipo": 2, "persona": 1}}, {"model": "persona.rol", "pk": 3, "fields": {"deleted": null, "tipo": 2, "persona": 2}}, {"model": "persona.rol", "pk": 4, "fields": {"deleted": null, "tipo": 1, "persona": 4}}, {"model": "persona.tecnico", "pk": 4, "fields": {}}, {"model": "persona.cliente", "pk": 2, "fields": {}}, {"model": "persona.cliente", "pk": 3, "fields": {}}, {"model": "rubro.rubro", "pk": 1, "fields": {"deleted": null, "nombre": "PC", "descripcion": "Trabajos en PC"}}, {"model": "rubro.rubro", "pk": 2, "fields": {"deleted": null, "nombre": "Notebook", "descripcion": "Trabajos en notebooks"}}, {"model": "rubro.rubro", "pk": 3, "fields": {"deleted": null, "nombre": "Instalaci\u00f3n de Red", "descripcion": "Instalar una red"}}, {"model": "rubro.rubro", "pk": 4, "fields": {"deleted": null, "nombre": "Impresora", "descripcion": "los temas de la impresora viste"}}, {"model": "tarea.tipotarea", "pk": 1, "fields": {"deleted": null, "nombre": "RDyP", "descripcion": "Revisi\u00f3n, Diagn\u00f3stico, y Presupuesto", "rubro": 1}}, {"model": "tarea.tipotarea", "pk": 2, "fields": {"deleted": null, "nombre": "Cambio de disco", "descripcion": "Cambiar el disco de una PC amigol", "rubro": 1}}, {"model": "tarea.tipotarea", "pk": 3, "fields": {"deleted": null, "nombre": "RDyP", "descripcion": "Revisi\u00f3n, Diagn\u00f3stico, y Presupuesto", "rubro": 2}}, {"model": "tarea.tipotarea", "pk": 4, "fields": {"deleted": null, "nombre": "RDyP", "descripcion": "Revisi\u00f3n, Diagn\u00f3stico, y Presupuesto", "rubro": 3}}, {"model": "tarea.tipotarea", "pk": 5, "fields": {"deleted": null, "nombre": "RDyP", "descripcion": "Revisi\u00f3n, Diagn\u00f3stico, y Presupuesto", "rubro": 4}}, {"model": "tarea.tipotarea", "pk": 6, "fields": {"deleted": null, "nombre": "Cambio de t\u00f3ner", "descripcion": "cambiar el toner", "rubro": 4}}, {"model": "tarea.tipotarea", "pk": 7, "fields": {"deleted": null, "nombre": "Cambio de cartucho", "descripcion": "se le cambia el cartucho de la tinta vistes", "rubro": 4}}, {"model": "tarea.tipotarea", "pk": 8, "fields": {"deleted": null, "nombre": "Cambio de disco", "descripcion": "cambiarle el disco", "rubro": 2}}, {"model": "tarea.tipotarea", "pk": 9, "fields": {"deleted": null, "nombre": "Flex", "descripcion": "el flex", "rubro": 2}}, {"model": "tarea.tarea", "pk": 1, "fields": {"deleted": null, "tipo_tarea": 2, "orden": 1, "observacion": "Hay que cambiarle el disco", "precio": "300.00"}}, {"model": "tarea.tarea", "pk": 2, "fields": {"deleted": null, "tipo_tarea": 2, "orden": 2, "observacion": "asd", "precio": "150.00"}}, {"model": "tarea.tarea", "pk": 3, "fields": {"deleted": null, "tipo_tarea": 1, "orden": 2, "observacion": "asd", "precio": "0.00"}}, {"model": "tarea.tarea", "pk": 4, "fields": {"deleted": null, "tipo_tarea": 7, "orden": 3, "observacion": "asdasd", "precio": "0.00"}}, {"model": "tarifa.tarifa", "pk": 1, "fields": {"tipo_tarea": 1, "tipo_servicio": 1, "precio": "0.00"}}, {"model": "tarifa.tarifa", "pk": 2, "fields": {"tipo_tarea": 2, "tipo_servicio": 1, "precio": "0.00"}}, {"model": "tarifa.tarifa", "pk": 3, "fields": {"tipo_tarea": 1, "tipo_servicio": 2, "precio": "0.00"}}, {"model": "tarifa.tarifa", "pk": 4, "fields": {"tipo_tarea": 2, "tipo_servicio": 2, "precio": "0.00"}}, {"model": "tarifa.tarifa", "pk": 5, "fields": {"tipo_tarea": 1, "tipo_servicio": 3, "precio": "0.00"}}, {"model": "tarifa.tarifa", "pk": 6, "fields": {"tipo_tarea": 2, "tipo_servicio": 3, "precio": "0.00"}}, {"model": "tarifa.tarifa", "pk": 7, "fields": {"tipo_tarea": 1, "tipo_servicio": 4, "precio": "0.00"}}, {"model": "tarifa.tarifa", "pk": 8, "fields": {"tipo_tarea": 2, "tipo_servicio": 4, "precio": "0.00"}}, {"model": "tarifa.tarifa", "pk": 9, "fields": {"tipo_tarea": 1, "tipo_servicio": 5, "precio": "0.00"}}, {"model": "tarifa.tarifa", "pk": 10, "fields": {"tipo_tarea": 2, "tipo_servicio": 5, "precio": "0.00"}}, {"model": "tarifa.tarifa", "pk": 11, "fields": {"tipo_tarea": 3, "tipo_servicio": 1, "precio": "0.00"}}, {"model": "tarifa.tarifa", "pk": 12, "fields": {"tipo_tarea": 3, "tipo_servicio": 2, "precio": "0.00"}}, {"model": "tarifa.tarifa", "pk": 13, "fields": {"tipo_tarea": 3, "tipo_servicio": 3, "precio": "0.00"}}, {"model": "tarifa.tarifa", "pk": 14, "fields": {"tipo_tarea": 3, "tipo_servicio": 4, "precio": "0.00"}}, {"model": "tarifa.tarifa", "pk": 15, "fields": {"tipo_tarea": 3, "tipo_servicio": 5, "precio": "0.00"}}, {"model": "tarifa.tarifa", "pk": 16, "fields": {"tipo_tarea": 4, "tipo_servicio": 1, "precio": "0.00"}}, {"model": "tarifa.tarifa", "pk": 17, "fields": {"tipo_tarea": 4, "tipo_servicio": 2, "precio": "0.00"}}, {"model": "tarifa.tarifa", "pk": 18, "fields": {"tipo_tarea": 4, "tipo_servicio": 3, "precio": "0.00"}}, {"model": "tarifa.tarifa", "pk": 19, "fields": {"tipo_tarea": 4, "tipo_servicio": 4, "precio": "0.00"}}, {"model": "tarifa.tarifa", "pk": 20, "fields": {"tipo_tarea": 4, "tipo_servicio": 5, "precio": "0.00"}}, {"model": "tarifa.tarifa", "pk": 21, "fields": {"tipo_tarea": 5, "tipo_servicio": 1, "precio": "0.00"}}, {"model": "tarifa.tarifa", "pk": 22, "fields": {"tipo_tarea": 5, "tipo_servicio": 2, "precio": "0.00"}}, {"model": "tarifa.tarifa", "pk": 23, "fields": {"tipo_tarea": 5, "tipo_servicio": 3, "precio": "0.00"}}, {"model": "tarifa.tarifa", "pk": 24, "fields": {"tipo_tarea": 5, "tipo_servicio": 4, "precio": "0.00"}}, {"model": "tarifa.tarifa", "pk": 25, "fields": {"tipo_tarea": 5, "tipo_servicio": 5, "precio": "0.00"}}, {"model": "tarifa.tarifa", "pk": 26, "fields": {"tipo_tarea": 6, "tipo_servicio": 1, "precio": "0.00"}}, {"model": "tarifa.tarifa", "pk": 27, "fields": {"tipo_tarea": 6, "tipo_servicio": 2, "precio": "0.00"}}, {"model": "tarifa.tarifa", "pk": 28, "fields": {"tipo_tarea": 6, "tipo_servicio": 3, "precio": "0.00"}}, {"model": "tarifa.tarifa", "pk": 29, "fields": {"tipo_tarea": 6, "tipo_servicio": 4, "precio": "0.00"}}, {"model": "tarifa.tarifa", "pk": 30, "fields": {"tipo_tarea": 6, "tipo_servicio": 5, "precio": "0.00"}}, {"model": "tarifa.tarifa", "pk": 31, "fields": {"tipo_tarea": 7, "tipo_servicio": 1, "precio": "0.00"}}, {"model": "tarifa.tarifa", "pk": 32, "fields": {"tipo_tarea": 7, "tipo_servicio": 2, "precio": "0.00"}}, {"model": "tarifa.tarifa", "pk": 33, "fields": {"tipo_tarea": 7, "tipo_servicio": 3, "precio": "0.00"}}, {"model": "tarifa.tarifa", "pk": 34, "fields": {"tipo_tarea": 7, "tipo_servicio": 4, "precio": "0.00"}}, {"model": "tarifa.tarifa", "pk": 35, "fields": {"tipo_tarea": 7, "tipo_servicio": 5, "precio": "0.00"}}, {"model": "tarifa.tarifa", "pk": 36, "fields": {"tipo_tarea": 8, "tipo_servicio": 1, "precio": "0.00"}}, {"model": "tarifa.tarifa", "pk": 37, "fields": {"tipo_tarea": 8, "tipo_servicio": 2, "precio": "0.00"}}, {"model": "tarifa.tarifa", "pk": 38, "fields": {"tipo_tarea": 8, "tipo_servicio": 3, "precio": "0.00"}}, {"model": "tarifa.tarifa", "pk": 39, "fields": {"tipo_tarea": 8, "tipo_servicio": 4, "precio": "0.00"}}, {"model": "tarifa.tarifa", "pk": 40, "fields": {"tipo_tarea": 8, "tipo_servicio": 5, "precio": "0.00"}}, {"model": "tarifa.tarifa", "pk": 41, "fields": {"tipo_tarea": 9, "tipo_servicio": 1, "precio": "0.00"}}, {"model": "tarifa.tarifa", "pk": 42, "fields": {"tipo_tarea": 9, "tipo_servicio": 2, "precio": "0.00"}}, {"model": "tarifa.tarifa", "pk": 43, "fields": {"tipo_tarea": 9, "tipo_servicio": 3, "precio": "0.00"}}, {"model": "tarifa.tarifa", "pk": 44, "fields": {"tipo_tarea": 9, "tipo_servicio": 4, "precio": "0.00"}}, {"model": "tarifa.tarifa", "pk": 45, "fields": {"tipo_tarea": 9, "tipo_servicio": 5, "precio": "0.00"}}, {"model": "servicio.tiposervicio", "pk": 1, "fields": {"deleted": null, "nombre": "Taller", "descripcion": "Trabajos en taller"}}, {"model": "servicio.tiposervicio", "pk": 2, "fields": {"deleted": null, "nombre": "On site", "descripcion": "Trabajos a domicilio"}}, {"model": "servicio.tiposervicio", "pk": 4, "fields": {"deleted": null, "nombre": "Alto riesgo", "descripcion": "Trabajos que involucran la integridad del tecnico"}}, {"model": "servicio.tiposervicio", "pk": 5, "fields": {"deleted": null, "nombre": "Volc\u00e1nico", "descripcion": "Trabajos en la superficie o en las proximidades de un volc\u00e1n"}}, {"model": "auth.permission", "pk": 1, "fields": {"name": "Can add log entry", "content_type": 1, "codename": "add_logentry"}}, {"model": "auth.permission", "pk": 2, "fields": {"name": "Can change log entry", "content_type": 1, "codename": "change_logentry"}}, {"model": "auth.permission", "pk": 3, "fields": {"name": "Can delete log entry", "content_type": 1, "codename": "delete_logentry"}}, {"model": "auth.permission", "pk": 4, "fields": {"name": "Can add permission", "content_type": 2, "codename": "add_permission"}}, {"model": "auth.permission", "pk": 5, "fields": {"name": "Can change permission", "content_type": 2, "codename": "change_permission"}}, {"model": "auth.permission", "pk": 6, "fields": {"name": "Can delete permission", "content_type": 2, "codename": "delete_permission"}}, {"model": "auth.permission", "pk": 7, "fields": {"name": "Can add group", "content_type": 3, "codename": "add_group"}}, {"model": "auth.permission", "pk": 8, "fields": {"name": "Can change group", "content_type": 3, "codename": "change_group"}}, {"model": "auth.permission", "pk": 9, "fields": {"name": "Can delete group", "content_type": 3, "codename": "delete_group"}}, {"model": "auth.permission", "pk": 10, "fields": {"name": "Can add content type", "content_type": 4, "codename": "add_contenttype"}}, {"model": "auth.permission", "pk": 11, "fields": {"name": "Can change content type", "content_type": 4, "codename": "change_contenttype"}}, {"model": "auth.permission", "pk": 12, "fields": {"name": "Can delete content type", "content_type": 4, "codename": "delete_contenttype"}}, {"model": "auth.permission", "pk": 13, "fields": {"name": "Can add session", "content_type": 5, "codename": "add_session"}}, {"model": "auth.permission", "pk": 14, "fields": {"name": "Can change session", "content_type": 5, "codename": "change_session"}}, {"model": "auth.permission", "pk": 15, "fields": {"name": "Can delete session", "content_type": 5, "codename": "delete_session"}}, {"model": "auth.permission", "pk": 16, "fields": {"name": "Can add producto", "content_type": 6, "codename": "add_producto"}}, {"model": "auth.permission", "pk": 17, "fields": {"name": "Can change producto", "content_type": 6, "codename": "change_producto"}}, {"model": "auth.permission", "pk": 18, "fields": {"name": "Can delete producto", "content_type": 6, "codename": "delete_producto"}}, {"model": "auth.permission", "pk": 19, "fields": {"name": "Can add reserva stock", "content_type": 7, "codename": "add_reservastock"}}, {"model": "auth.permission", "pk": 20, "fields": {"name": "Can change reserva stock", "content_type": 7, "codename": "change_reservastock"}}, {"model": "auth.permission", "pk": 21, "fields": {"name": "Can delete reserva stock", "content_type": 7, "codename": "delete_reservastock"}}, {"model": "auth.permission", "pk": 22, "fields": {"name": "Can add persona", "content_type": 8, "codename": "add_persona"}}, {"model": "auth.permission", "pk": 23, "fields": {"name": "Can change persona", "content_type": 8, "codename": "change_persona"}}, {"model": "auth.permission", "pk": 24, "fields": {"name": "Can delete persona", "content_type": 8, "codename": "delete_persona"}}, {"model": "auth.permission", "pk": 25, "fields": {"name": "Can add rol", "content_type": 9, "codename": "add_rol"}}, {"model": "auth.permission", "pk": 26, "fields": {"name": "Can change rol", "content_type": 9, "codename": "change_rol"}}, {"model": "auth.permission", "pk": 27, "fields": {"name": "Can delete rol", "content_type": 9, "codename": "delete_rol"}}, {"model": "auth.permission", "pk": 28, "fields": {"name": "Can add cliente", "content_type": 10, "codename": "add_cliente"}}, {"model": "auth.permission", "pk": 29, "fields": {"name": "Can change cliente", "content_type": 10, "codename": "change_cliente"}}, {"model": "auth.permission", "pk": 30, "fields": {"name": "Can delete cliente", "content_type": 10, "codename": "delete_cliente"}}, {"model": "auth.permission", "pk": 31, "fields": {"name": "Can add gerente", "content_type": 11, "codename": "add_gerente"}}, {"model": "auth.permission", "pk": 32, "fields": {"name": "Can change gerente", "content_type": 11, "codename": "change_gerente"}}, {"model": "auth.permission", "pk": 33, "fields": {"name": "Can delete gerente", "content_type": 11, "codename": "delete_gerente"}}, {"model": "auth.permission", "pk": 34, "fields": {"name": "Can add jefe taller", "content_type": 12, "codename": "add_jefetaller"}}, {"model": "auth.permission", "pk": 35, "fields": {"name": "Can change jefe taller", "content_type": 12, "codename": "change_jefetaller"}}, {"model": "auth.permission", "pk": 36, "fields": {"name": "Can delete jefe taller", "content_type": 12, "codename": "delete_jefetaller"}}, {"model": "auth.permission", "pk": 37, "fields": {"name": "Can add tecnico", "content_type": 13, "codename": "add_tecnico"}}, {"model": "auth.permission", "pk": 38, "fields": {"name": "Can change tecnico", "content_type": 13, "codename": "change_tecnico"}}, {"model": "auth.permission", "pk": 39, "fields": {"name": "Can delete tecnico", "content_type": 13, "codename": "delete_tecnico"}}, {"model": "auth.permission", "pk": 40, "fields": {"name": "Can add rubro", "content_type": 14, "codename": "add_rubro"}}, {"model": "auth.permission", "pk": 41, "fields": {"name": "Can change rubro", "content_type": 14, "codename": "change_rubro"}}, {"model": "auth.permission", "pk": 42, "fields": {"name": "Can delete rubro", "content_type": 14, "codename": "delete_rubro"}}, {"model": "auth.permission", "pk": 43, "fields": {"name": "Can add estado tarea", "content_type": 15, "codename": "add_estadotarea"}}, {"model": "auth.permission", "pk": 44, "fields": {"name": "Can change estado tarea", "content_type": 15, "codename": "change_estadotarea"}}, {"model": "auth.permission", "pk": 45, "fields": {"name": "Can delete estado tarea", "content_type": 15, "codename": "delete_estadotarea"}}, {"model": "auth.permission", "pk": 46, "fields": {"name": "Can add observacion tarea", "content_type": 16, "codename": "add_observaciontarea"}}, {"model": "auth.permission", "pk": 47, "fields": {"name": "Can change observacion tarea", "content_type": 16, "codename": "change_observaciontarea"}}, {"model": "auth.permission", "pk": 48, "fields": {"name": "Can delete observacion tarea", "content_type": 16, "codename": "delete_observaciontarea"}}, {"model": "auth.permission", "pk": 49, "fields": {"name": "Can add tarea", "content_type": 17, "codename": "add_tarea"}}, {"model": "auth.permission", "pk": 50, "fields": {"name": "Can change tarea", "content_type": 17, "codename": "change_tarea"}}, {"model": "auth.permission", "pk": 51, "fields": {"name": "Can delete tarea", "content_type": 17, "codename": "delete_tarea"}}, {"model": "auth.permission", "pk": 52, "fields": {"name": "Can add tipo tarea", "content_type": 18, "codename": "add_tipotarea"}}, {"model": "auth.permission", "pk": 53, "fields": {"name": "Can change tipo tarea", "content_type": 18, "codename": "change_tipotarea"}}, {"model": "auth.permission", "pk": 54, "fields": {"name": "Can delete tipo tarea", "content_type": 18, "codename": "delete_tipotarea"}}, {"model": "auth.permission", "pk": 55, "fields": {"name": "Can add tarea cancelada", "content_type": 19, "codename": "add_tareacancelada"}}, {"model": "auth.permission", "pk": 56, "fields": {"name": "Can change tarea cancelada", "content_type": 19, "codename": "change_tareacancelada"}}, {"model": "auth.permission", "pk": 57, "fields": {"name": "Can delete tarea cancelada", "content_type": 19, "codename": "delete_tareacancelada"}}, {"model": "auth.permission", "pk": 58, "fields": {"name": "Can add tarea pendiente", "content_type": 20, "codename": "add_tareapendiente"}}, {"model": "auth.permission", "pk": 59, "fields": {"name": "Can change tarea pendiente", "content_type": 20, "codename": "change_tareapendiente"}}, {"model": "auth.permission", "pk": 60, "fields": {"name": "Can delete tarea pendiente", "content_type": 20, "codename": "delete_tareapendiente"}}, {"model": "auth.permission", "pk": 61, "fields": {"name": "Can add tarea presupuestada", "content_type": 21, "codename": "add_tareapresupuestada"}}, {"model": "auth.permission", "pk": 62, "fields": {"name": "Can change tarea presupuestada", "content_type": 21, "codename": "change_tareapresupuestada"}}, {"model": "auth.permission", "pk": 63, "fields": {"name": "Can delete tarea presupuestada", "content_type": 21, "codename": "delete_tareapresupuestada"}}, {"model": "auth.permission", "pk": 64, "fields": {"name": "Can add tarea realizada", "content_type": 22, "codename": "add_tarearealizada"}}, {"model": "auth.permission", "pk": 65, "fields": {"name": "Can change tarea realizada", "content_type": 22, "codename": "change_tarearealizada"}}, {"model": "auth.permission", "pk": 66, "fields": {"name": "Can delete tarea realizada", "content_type": 22, "codename": "delete_tarearealizada"}}, {"model": "auth.permission", "pk": 67, "fields": {"name": "Can add tarifa", "content_type": 23, "codename": "add_tarifa"}}, {"model": "auth.permission", "pk": 68, "fields": {"name": "Can change tarifa", "content_type": 23, "codename": "change_tarifa"}}, {"model": "auth.permission", "pk": 69, "fields": {"name": "Can delete tarifa", "content_type": 23, "codename": "delete_tarifa"}}, {"model": "auth.permission", "pk": 70, "fields": {"name": "Can add tipo servicio", "content_type": 24, "codename": "add_tiposervicio"}}, {"model": "auth.permission", "pk": 71, "fields": {"name": "Can change tipo servicio", "content_type": 24, "codename": "change_tiposervicio"}}, {"model": "auth.permission", "pk": 72, "fields": {"name": "Can delete tipo servicio", "content_type": 24, "codename": "delete_tiposervicio"}}, {"model": "auth.permission", "pk": 73, "fields": {"name": "Can add usuario", "content_type": 25, "codename": "add_usuario"}}, {"model": "auth.permission", "pk": 74, "fields": {"name": "Can change usuario", "content_type": 25, "codename": "change_usuario"}}, {"model": "auth.permission", "pk": 75, "fields": {"name": "Can delete usuario", "content_type": 25, "codename": "delete_usuario"}}, {"model": "auth.permission", "pk": 76, "fields": {"name": "Can add equipo", "content_type": 26, "codename": "add_equipo"}}, {"model": "auth.permission", "pk": 77, "fields": {"name": "Can change equipo", "content_type": 26, "codename": "change_equipo"}}, {"model": "auth.permission", "pk": 78, "fields": {"name": "Can delete equipo", "content_type": 26, "codename": "delete_equipo"}}, {"model": "auth.permission", "pk": 79, "fields": {"name": "Can add orden", "content_type": 27, "codename": "add_orden"}}, {"model": "auth.permission", "pk": 80, "fields": {"name": "Can change orden", "content_type": 27, "codename": "change_orden"}}, {"model": "auth.permission", "pk": 81, "fields": {"name": "Can delete orden", "content_type": 27, "codename": "delete_orden"}}, {"model": "auth.group", "pk": 1, "fields": {"name": "Tecnico", "permissions": [28, 29, 30]}}, {"model": "usuario.usuario", "pk": 1, "fields": {"password": "pbkdf2_sha256$36000$VMyc9o9WAnmd$e8rz3f32/Z1L/m8IyZPnitQPcTDxDD1MLxzPXrWYfHk=", "last_login": "2017-12-05T20:26:29.797Z", "is_superuser": true, "username": "luciano", "first_name": "", "last_name": "", "email": "", "is_staff": true, "is_active": true, "date_joined": "2017-12-05T20:26:07.364Z", "primer_login": true, "groups": [1], "user_permissions": []}}, {"model": "orden.orden", "pk": 1, "fields": {"deleted": null, "cliente": 2, "rubro": 1, "equipo": null, "tipo_servicio": 3, "usuario": 1, "tecnico": 4, "descripcion": "es un trabajo de pc pero no hay pc<br>", "fecha_creacion": "2017-12-05T20:34:05.089Z", "fecha_fin": "2017-12-05T20:36:26.404Z", "cerrada": true, "cancelada": false, "precio_final": "2100.00"}}, {"model": "orden.orden", "pk": 2, "fields": {"deleted": null, "cliente": 3, "rubro": 1, "equipo": null, "tipo_servicio": 2, "usuario": 1, "tecnico": 4, "descripcion": "asdas", "fecha_creacion": "2017-12-05T20:54:02.835Z", "fecha_fin": null, "cerrada": false, "cancelada": false, "precio_final": "0.00"}}, {"model": "orden.orden", "pk": 3, "fields": {"deleted": null, "cliente": 2, "rubro": 4, "equipo": null, "tipo_servicio": 2, "usuario": 1, "tecnico": 4, "descripcion": "asdasd", "fecha_creacion": "2017-12-05T21:36:19.924Z", "fecha_fin": null, "cerrada": false, "cancelada": false, "precio_final": "0.00"}}, {"model": "tarea.tarearealizada", "pk": 3, "fields": {}}, {"model": "tarea.tarearealizada", "pk": 8, "fields": {}}, {"model": "tarea.tarearealizada", "pk": 9, "fields": {}}, {"model": "tarea.tareapendiente", "pk": 2, "fields": {}}, {"model": "tarea.tareapendiente", "pk": 5, "fields": {}}, {"model": "tarea.tareapendiente", "pk": 7, "fields": {}}, {"model": "tarea.tareapresupuestada", "pk": 1, "fields": {}}, {"model": "tarea.tareapresupuestada", "pk": 4, "fields": {}}, {"model": "tarea.tareapresupuestada", "pk": 6, "fields": {}}, {"model": "tarea.tareapresupuestada", "pk": 10, "fields": {}}, {"model": "tarea.estadotarea", "pk": 1, "fields": {"tarea": 1, "tipo": 1, "timestamp": "2017-12-05T20:34:49.873Z", "usuario": null}}, {"model": "tarea.estadotarea", "pk": 2, "fields": {"tarea": 1, "tipo": 2, "timestamp": "2017-12-05T20:35:15.893Z", "usuario": null}}, {"model": "tarea.estadotarea", "pk": 3, "fields": {"tarea": 1, "tipo": 3, "timestamp": "2017-12-05T20:35:23.082Z", "usuario": null}}, {"model": "tarea.estadotarea", "pk": 4, "fields": {"tarea": 2, "tipo": 1, "timestamp": "2017-12-05T20:54:12.812Z", "usuario": null}}, {"model": "tarea.estadotarea", "pk": 5, "fields": {"tarea": 2, "tipo": 2, "timestamp": "2017-12-05T20:54:35.128Z", "usuario": null}}, {"model": "tarea.estadotarea", "pk": 6, "fields": {"tarea": 3, "tipo": 1, "timestamp": "2017-12-05T20:54:50.490Z", "usuario": null}}, {"model": "tarea.estadotarea", "pk": 7, "fields": {"tarea": 3, "tipo": 2, "timestamp": "2017-12-05T20:54:54.470Z", "usuario": null}}, {"model": "tarea.estadotarea", "pk": 8, "fields": {"tarea": 3, "tipo": 3, "timestamp": "2017-12-05T20:55:24.330Z", "usuario": null}}, {"model": "tarea.estadotarea", "pk": 9, "fields": {"tarea": 2, "tipo": 3, "timestamp": "2017-12-05T20:55:24.378Z", "usuario": null}}, {"model": "tarea.estadotarea", "pk": 10, "fields": {"tarea": 4, "tipo": 1, "timestamp": "2017-12-05T21:36:32.338Z", "usuario": null}}]