[{"model": "contenttypes.contenttype", "pk": 1, "fields": {"app_label": "admin", "model": "logentry"}}, {"model": "contenttypes.contenttype", "pk": 2, "fields": {"app_label": "auth", "model": "permission"}}, {"model": "contenttypes.contenttype", "pk": 3, "fields": {"app_label": "auth", "model": "group"}}, {"model": "contenttypes.contenttype", "pk": 4, "fields": {"app_label": "contenttypes", "model": "contenttype"}}, {"model": "contenttypes.contenttype", "pk": 5, "fields": {"app_label": "sessions", "model": "session"}}, {"model": "contenttypes.contenttype", "pk": 6, "fields": {"app_label": "producto", "model": "producto"}}, {"model": "contenttypes.contenttype", "pk": 7, "fields": {"app_label": "producto", "model": "reservastock"}}, {"model": "contenttypes.contenttype", "pk": 8, "fields": {"app_label": "persona", "model": "persona"}}, {"model": "contenttypes.contenttype", "pk": 9, "fields": {"app_label": "persona", "model": "rol"}}, {"model": "contenttypes.contenttype", "pk": 10, "fields": {"app_label": "persona", "model": "cliente"}}, {"model": "contenttypes.contenttype", "pk": 11, "fields": {"app_label": "persona", "model": "gerente"}}, {"model": "contenttypes.contenttype", "pk": 12, "fields": {"app_label": "persona", "model": "jefetaller"}}, {"model": "contenttypes.contenttype", "pk": 13, "fields": {"app_label": "persona", "model": "tecnico"}}, {"model": "contenttypes.contenttype", "pk": 14, "fields": {"app_label": "rubro", "model": "rubro"}}, {"model": "contenttypes.contenttype", "pk": 15, "fields": {"app_label": "tarea", "model": "estadotarea"}}, {"model": "contenttypes.contenttype", "pk": 16, "fields": {"app_label": "tarea", "model": "observaciontarea"}}, {"model": "contenttypes.contenttype", "pk": 17, "fields": {"app_label": "tarea", "model": "tarea"}}, {"model": "contenttypes.contenttype", "pk": 18, "fields": {"app_label": "tarea", "model": "tipotarea"}}, {"model": "contenttypes.contenttype", "pk": 19, "fields": {"app_label": "tarea", "model": "tareacancelada"}}, {"model": "contenttypes.contenttype", "pk": 20, "fields": {"app_label": "tarea", "model": "tareapendiente"}}, {"model": "contenttypes.contenttype", "pk": 21, "fields": {"app_label": "tarea", "model": "tareapresupuestada"}}, {"model": "contenttypes.contenttype", "pk": 22, "fields": {"app_label": "tarea", "model": "tarearealizada"}}, {"model": "contenttypes.contenttype", "pk": 23, "fields": {"app_label": "tarifa", "model": "tarifa"}}, {"model": "contenttypes.contenttype", "pk": 24, "fields": {"app_label": "servicio", "model": "tiposervicio"}}, {"model": "contenttypes.contenttype", "pk": 25, "fields": {"app_label": "usuario", "model": "usuario"}}, {"model": "contenttypes.contenttype", "pk": 26, "fields": {"app_label": "orden", "model": "equipo"}}, {"model": "contenttypes.contenttype", "pk": 27, "fields": {"app_label": "orden", "model": "orden"}}, {"model": "sessions.session", "pk": "82s5jf59seq1n5grjm6fkkkg390onrp9", "fields": {"session_data": "N2E0MGRjOTU5MmY0MzEwNmViZDg5MzNiYWQ5NGYzZjVkZDQxMmI2ODp7Il9hdXRoX3VzZXJfaWQiOiIxNCIsIl9hdXRoX3VzZXJfYmFja2VuZCI6ImRqYW5nby5jb250cmliLmF1dGguYmFja2VuZHMuTW9kZWxCYWNrZW5kIiwiX2F1dGhfdXNlcl9oYXNoIjoiYWQwYjgxZmQ1N2Q0ODFmZDM4ZmVjNWQwMDQyZmVmZTU5NjdiNjJmMyJ9", "expire_date": "2017-12-26T05:36:09.205Z"}}, {"model": "sessions.session", "pk": "f4iuqavnb9xo3fk3shdme5ocvrew61b4", "fields": {"session_data": "YTE0ZjI1N2FhYzRlOTYyZTkxZjc2MTQ3MTEwYThjYWJkMmUyNjQ2ZDp7Il9hdXRoX3VzZXJfaWQiOiIxIiwiX2F1dGhfdXNlcl9iYWNrZW5kIjoiZGphbmdvLmNvbnRyaWIuYXV0aC5iYWNrZW5kcy5Nb2RlbEJhY2tlbmQiLCJfYXV0aF91c2VyX2hhc2giOiIxYjJlZjg5ZTk0MDNkNDgyZDU5MmNhYzg0Y2NmNGEzMWM3Y2UzYmMxIn0=", "expire_date": "2017-12-21T21:56:58.949Z"}}, {"model": "sessions.session", "pk": "ta5yn33cqemqtc7fzi3axbu2wrqj98kw", "fields": {"session_data": "YTE0ZjI1N2FhYzRlOTYyZTkxZjc2MTQ3MTEwYThjYWJkMmUyNjQ2ZDp7Il9hdXRoX3VzZXJfaWQiOiIxIiwiX2F1dGhfdXNlcl9iYWNrZW5kIjoiZGphbmdvLmNvbnRyaWIuYXV0aC5iYWNrZW5kcy5Nb2RlbEJhY2tlbmQiLCJfYXV0aF91c2VyX2hhc2giOiIxYjJlZjg5ZTk0MDNkNDgyZDU5MmNhYzg0Y2NmNGEzMWM3Y2UzYmMxIn0=", "expire_date": "2016-12-25T05:06:57.208Z"}}, {"model": "producto.producto", "pk": 1, "fields": {"deleted": null, "nombre": "Ssd", "descripcion": "los SSD que son una masa", "marca": "Hyperx", "stock_minimo": 1, "stock": 0, "precio": "1800.00"}}, {"model": "producto.producto", "pk": 2, "fields": {"deleted": null, "nombre": "Ram", "descripcion": "la memoria", "marca": "Kingston", "stock_minimo": 3, "stock": 1, "precio": "1200.00"}}, {"model": "persona.persona", "pk": 1, "fields": {"deleted": null, "nombre": "Luciano", "apellido": "Serruya Aloisi", "tipo_doc": "DU", "doc": "39441235", "domicilio": "Bolivia 2466", "email": "lucianoserruya@hotmail.com", "telefono": "2804260277"}}, {"model": "persona.persona", "pk": 2, "fields": {"deleted": null, "nombre": "Marcos", "apellido": "Paredes", "tipo_doc": "DU", "doc": "34432123", "domicilio": "Mitre 665", "email": "marquitos@dit.com", "telefono": "154123123"}}, {"model": "persona.persona", "pk": 3, "fields": {"deleted": null, "nombre": "Jos\u00e9 Franciso", "apellido": "de San Mart\u00edn y Matorras", "tipo_doc": "DU", "doc": "1", "domicilio": "uhmmmmm", "email": "soii_el_procer_blda@hotmail.com", "telefono": "154123123"}}, {"model": "persona.persona", "pk": 4, "fields": {"deleted": null, "nombre": "Richard", "apellido": "Stallman", "tipo_doc": "DU", "doc": "17148841", "domicilio": "En su casa", "email": "ricki@stallman.com", "telefono": "154666102"}}, {"model": "persona.persona", "pk": 5, "fields": {"deleted": null, "nombre": "Mariano", "apellido": "Moreno", "tipo_doc": "DU", "doc": "123", "domicilio": "Primera junta 1778", "email": "marian.moreno@gmail.com", "telefono": "154543523"}}, {"model": "persona.persona", "pk": 6, "fields": {"deleted": null, "nombre": "The One and Only", "apellido": "Toledoman", "tipo_doc": "DU", "doc": "19134125", "domicilio": "Fragata H\u00e9rcules 569", "email": "toledoman@at.com", "telefono": "154633241"}}, {"model": "persona.persona", "pk": 7, "fields": {"deleted": null, "nombre": "Diego", "apellido": "Banjaster", "tipo_doc": "DU", "doc": "34123543", "domicilio": "En su casa", "email": "diego@diego.com", "telefono": "154125435"}}, {"model": "persona.persona", "pk": 8, "fields": {"deleted": null, "nombre": "Gabriel", "apellido": "Ingravallo", "tipo_doc": "DU", "doc": "39805456", "domicilio": "En su casa", "email": "gabrielingravallo@speedy.com", "telefono": "2804456789552"}}, {"model": "persona.persona", "pk": 9, "fields": {"deleted": null, "nombre": "Marcelo", "apellido": "Man", "tipo_doc": "DU", "doc": "54365", "domicilio": "asd", "email": "asdas@asda.com", "telefono": "123"}}, {"model": "persona.rol", "pk": 1, "fields": {"deleted": null, "tipo": 10, "persona": null}}, {"model": "persona.rol", "pk": 2, "fields": {"deleted": null, "tipo": 2, "persona": 1}}, {"model": "persona.rol", "pk": 3, "fields": {"deleted": null, "tipo": 2, "persona": 2}}, {"model": "persona.rol", "pk": 4, "fields": {"deleted": null, "tipo": 1, "persona": 4}}, {"model": "persona.rol", "pk": 5, "fields": {"deleted": null, "tipo": 2, "persona": 5}}, {"model": "persona.rol", "pk": 6, "fields": {"deleted": null, "tipo": 1, "persona": 3}}, {"model": "persona.rol", "pk": 7, "fields": {"deleted": null, "tipo": 1, "persona": 6}}, {"model": "persona.rol", "pk": 8, "fields": {"deleted": null, "tipo": 2, "persona": 7}}, {"model": "persona.rol", "pk": 9, "fields": {"deleted": null, "tipo": 1, "persona": 8}}, {"model": "persona.rol", "pk": 10, "fields": {"deleted": null, "tipo": 10, "persona": 8}}, {"model": "persona.rol", "pk": 11, "fields": {"deleted": null, "tipo": 4, "persona": 3}}, {"model": "persona.rol", "pk": 12, "fields": {"deleted": null, "tipo": 10, "persona": 3}}, {"model": "persona.rol", "pk": 13, "fields": {"deleted": null, "tipo": 4, "persona": 4}}, {"model": "persona.rol", "pk": 14, "fields": {"deleted": null, "tipo": 10, "persona": 4}}, {"model": "persona.tecnico", "pk": 4, "fields": {}}, {"model": "persona.tecnico", "pk": 6, "fields": {}}, {"model": "persona.tecnico", "pk": 7, "fields": {}}, {"model": "persona.tecnico", "pk": 9, "fields": {}}, {"model": "persona.cliente", "pk": 2, "fields": {}}, {"model": "persona.cliente", "pk": 3, "fields": {}}, {"model": "persona.cliente", "pk": 5, "fields": {}}, {"model": "persona.cliente", "pk": 8, "fields": {}}, {"model": "persona.gerente", "pk": 11, "fields": {}}, {"model": "persona.gerente", "pk": 13, "fields": {}}, {"model": "rubro.rubro", "pk": 1, "fields": {"deleted": null, "nombre": "PC", "descripcion": "Trabajos en PC"}}, {"model": "rubro.rubro", "pk": 2, "fields": {"deleted": null, "nombre": "Notebook", "descripcion": "Trabajos en notebooks"}}, {"model": "rubro.rubro", "pk": 3, "fields": {"deleted": null, "nombre": "Instalaci\u00f3n de Red", "descripcion": "Instalar una red"}}, {"model": "rubro.rubro", "pk": 4, "fields": {"deleted": null, "nombre": "Impresora", "descripcion": "los temas de la impresora viste"}}, {"model": "rubro.rubro", "pk": 5, "fields": {"deleted": null, "nombre": "All In One", "descripcion": "PC Todo en uno"}}, {"model": "tarea.tipotarea", "pk": 1, "fields": {"deleted": null, "nombre": "RDyP", "descripcion": "Revisi\u00f3n, Diagn\u00f3stico, y Presupuesto", "rubro": 1}}, {"model": "tarea.tipotarea", "pk": 2, "fields": {"deleted": null, "nombre": "Cambio de disco", "descripcion": "Cambiar el disco de una PC amigol", "rubro": 1}}, {"model": "tarea.tipotarea", "pk": 3, "fields": {"deleted": null, "nombre": "RDyP", "descripcion": "Revisi\u00f3n, Diagn\u00f3stico, y Presupuesto", "rubro": 2}}, {"model": "tarea.tipotarea", "pk": 4, "fields": {"deleted": null, "nombre": "RDyP", "descripcion": "Revisi\u00f3n, Diagn\u00f3stico, y Presupuesto", "rubro": 3}}, {"model": "tarea.tipotarea", "pk": 5, "fields": {"deleted": null, "nombre": "RDyP", "descripcion": "Revisi\u00f3n, Diagn\u00f3stico, y Presupuesto", "rubro": 4}}, {"model": "tarea.tipotarea", "pk": 6, "fields": {"deleted": null, "nombre": "Cambio de t\u00f3ner", "descripcion": "cambiar el toner", "rubro": 4}}, {"model": "tarea.tipotarea", "pk": 7, "fields": {"deleted": null, "nombre": "Cambio de cartucho", "descripcion": "se le cambia el cartucho de la tinta vistes", "rubro": 4}}, {"model": "tarea.tipotarea", "pk": 8, "fields": {"deleted": null, "nombre": "Cambio de disco", "descripcion": "cambiarle el disco", "rubro": 2}}, {"model": "tarea.tipotarea", "pk": 9, "fields": {"deleted": null, "nombre": "Flex", "descripcion": "el flex", "rubro": 2}}, {"model": "tarea.tipotarea", "pk": 10, "fields": {"deleted": null, "nombre": "RDyP", "descripcion": "Revisi\u00f3n, Diagn\u00f3stico, y Presupuesto", "rubro": 5}}, {"model": "tarea.tipotarea", "pk": 11, "fields": {"deleted": null, "nombre": "Formateo", "descripcion": "Formatear la all in one", "rubro": 5}}, {"model": "tarea.tipotarea", "pk": 12, "fields": {"deleted": null, "nombre": "Cambio de disco", "descripcion": "cambiar el disco", "rubro": 5}}, {"model": "tarea.tipotarea", "pk": 13, "fields": {"deleted": null, "nombre": "RAM", "descripcion": "hacer algo con la ram", "rubro": 5}}, {"model": "tarea.tarea", "pk": 1, "fields": {"deleted": null, "tipo_tarea": 2, "orden": 1, "observacion": "Hay que cambiarle el disco", "precio": "300.00"}}, {"model": "tarea.tarea", "pk": 2, "fields": {"deleted": null, "tipo_tarea": 2, "orden": 2, "observacion": "asd", "precio": "150.00"}}, {"model": "tarea.tarea", "pk": 3, "fields": {"deleted": null, "tipo_tarea": 1, "orden": 2, "observacion": "asd", "precio": "0.00"}}, {"model": "tarea.tarea", "pk": 4, "fields": {"deleted": null, "tipo_tarea": 7, "orden": 3, "observacion": "asdasd", "precio": "0.00"}}, {"model": "tarea.tarea", "pk": 5, "fields": {"deleted": null, "tipo_tarea": 1, "orden": 4, "observacion": "-", "precio": "500.00"}}, {"model": "tarea.tarea", "pk": 6, "fields": {"deleted": null, "tipo_tarea": 2, "orden": 4, "observacion": "-", "precio": "0.00"}}, {"model": "tarea.tarea", "pk": 7, "fields": {"deleted": null, "tipo_tarea": 1, "orden": 5, "observacion": "-", "precio": "500.00"}}, {"model": "tarea.tarea", "pk": 8, "fields": {"deleted": null, "tipo_tarea": 2, "orden": 5, "observacion": "-", "precio": "750.00"}}, {"model": "tarea.tarea", "pk": 9, "fields": {"deleted": null, "tipo_tarea": 5, "orden": 6, "observacion": "-", "precio": "0.00"}}, {"model": "tarea.tarea", "pk": 10, "fields": {"deleted": null, "tipo_tarea": 5, "orden": 7, "observacion": "-", "precio": "0.00"}}, {"model": "tarea.tarea", "pk": 11, "fields": {"deleted": null, "tipo_tarea": 6, "orden": 8, "observacion": "-", "precio": "0.00"}}, {"model": "tarea.tarea", "pk": 12, "fields": {"deleted": null, "tipo_tarea": 1, "orden": 9, "observacion": "-", "precio": "0.00"}}, {"model": "tarea.tarea", "pk": 13, "fields": {"deleted": null, "tipo_tarea": 10, "orden": 10, "observacion": "-", "precio": "100.00"}}, {"model": "tarea.tarea", "pk": 14, "fields": {"deleted": null, "tipo_tarea": 12, "orden": 10, "observacion": "-", "precio": "0.00"}}, {"model": "tarea.tarea", "pk": 15, "fields": {"deleted": null, "tipo_tarea": 13, "orden": 10, "observacion": "-", "precio": "150.00"}}, {"model": "tarea.tarea", "pk": 16, "fields": {"deleted": null, "tipo_tarea": 11, "orden": 10, "observacion": "-", "precio": "4000.00"}}, {"model": "tarea.tarea", "pk": 17, "fields": {"deleted": null, "tipo_tarea": 2, "orden": 9, "observacion": "-", "precio": "0.00"}}, {"model": "tarea.tarea", "pk": 18, "fields": {"deleted": null, "tipo_tarea": 13, "orden": 11, "observacion": "-", "precio": "0.00"}}, {"model": "tarea.tarea", "pk": 19, "fields": {"deleted": null, "tipo_tarea": 1, "orden": 12, "observacion": "-", "precio": "0.00"}}, {"model": "tarea.tarea", "pk": 20, "fields": {"deleted": null, "tipo_tarea": 1, "orden": 13, "observacion": "-", "precio": "0.00"}}, {"model": "tarea.tarea", "pk": 21, "fields": {"deleted": null, "tipo_tarea": 1, "orden": 14, "observacion": "-", "precio": "1000.00"}}, {"model": "tarea.tarea", "pk": 22, "fields": {"deleted": null, "tipo_tarea": 10, "orden": 15, "observacion": "-", "precio": "450.00"}}, {"model": "tarea.tarea", "pk": 23, "fields": {"deleted": null, "tipo_tarea": 13, "orden": 15, "observacion": "-", "precio": "1200.00"}}, {"model": "tarea.tarea", "pk": 24, "fields": {"deleted": null, "tipo_tarea": 4, "orden": 16, "observacion": "-", "precio": "2500.00"}}, {"model": "tarea.tarea", "pk": 25, "fields": {"deleted": null, "tipo_tarea": 5, "orden": 17, "observacion": "-", "precio": "0.00"}}, {"model": "tarea.tarea", "pk": 26, "fields": {"deleted": null, "tipo_tarea": 1, "orden": 18, "observacion": "-", "precio": "800.00"}}, {"model": "tarea.tarea", "pk": 27, "fields": {"deleted": null, "tipo_tarea": 2, "orden": 18, "observacion": "-", "precio": "1200.00"}}, {"model": "tarea.tarea", "pk": 28, "fields": {"deleted": null, "tipo_tarea": 3, "orden": 19, "observacion": "-", "precio": "350.00"}}, {"model": "tarea.tarea", "pk": 29, "fields": {"deleted": null, "tipo_tarea": 8, "orden": 19, "observacion": "-", "precio": "0.00"}}, {"model": "tarea.tarea", "pk": 30, "fields": {"deleted": null, "tipo_tarea": 9, "orden": 19, "observacion": "-", "precio": "1200.00"}}, {"model": "tarifa.tarifa", "pk": 1, "fields": {"tipo_tarea": 1, "tipo_servicio": 1, "precio": "0.00"}}, {"model": "tarifa.tarifa", "pk": 2, "fields": {"tipo_tarea": 2, "tipo_servicio": 1, "precio": "0.00"}}, {"model": "tarifa.tarifa", "pk": 3, "fields": {"tipo_tarea": 1, "tipo_servicio": 2, "precio": "0.00"}}, {"model": "tarifa.tarifa", "pk": 4, "fields": {"tipo_tarea": 2, "tipo_servicio": 2, "precio": "0.00"}}, {"model": "tarifa.tarifa", "pk": 5, "fields": {"tipo_tarea": 1, "tipo_servicio": 3, "precio": "0.00"}}, {"model": "tarifa.tarifa", "pk": 6, "fields": {"tipo_tarea": 2, "tipo_servicio": 3, "precio": "0.00"}}, {"model": "tarifa.tarifa", "pk": 7, "fields": {"tipo_tarea": 1, "tipo_servicio": 4, "precio": "0.00"}}, {"model": "tarifa.tarifa", "pk": 8, "fields": {"tipo_tarea": 2, "tipo_servicio": 4, "precio": "0.00"}}, {"model": "tarifa.tarifa", "pk": 9, "fields": {"tipo_tarea": 1, "tipo_servicio": 5, "precio": "0.00"}}, {"model": "tarifa.tarifa", "pk": 10, "fields": {"tipo_tarea": 2, "tipo_servicio": 5, "precio": "0.00"}}, {"model": "tarifa.tarifa", "pk": 11, "fields": {"tipo_tarea": 3, "tipo_servicio": 1, "precio": "0.00"}}, {"model": "tarifa.tarifa", "pk": 12, "fields": {"tipo_tarea": 3, "tipo_servicio": 2, "precio": "0.00"}}, {"model": "tarifa.tarifa", "pk": 13, "fields": {"tipo_tarea": 3, "tipo_servicio": 3, "precio": "0.00"}}, {"model": "tarifa.tarifa", "pk": 14, "fields": {"tipo_tarea": 3, "tipo_servicio": 4, "precio": "0.00"}}, {"model": "tarifa.tarifa", "pk": 15, "fields": {"tipo_tarea": 3, "tipo_servicio": 5, "precio": "0.00"}}, {"model": "tarifa.tarifa", "pk": 16, "fields": {"tipo_tarea": 4, "tipo_servicio": 1, "precio": "0.00"}}, {"model": "tarifa.tarifa", "pk": 17, "fields": {"tipo_tarea": 4, "tipo_servicio": 2, "precio": "0.00"}}, {"model": "tarifa.tarifa", "pk": 18, "fields": {"tipo_tarea": 4, "tipo_servicio": 3, "precio": "0.00"}}, {"model": "tarifa.tarifa", "pk": 19, "fields": {"tipo_tarea": 4, "tipo_servicio": 4, "precio": "0.00"}}, {"model": "tarifa.tarifa", "pk": 20, "fields": {"tipo_tarea": 4, "tipo_servicio": 5, "precio": "0.00"}}, {"model": "tarifa.tarifa", "pk": 21, "fields": {"tipo_tarea": 5, "tipo_servicio": 1, "precio": "0.00"}}, {"model": "tarifa.tarifa", "pk": 22, "fields": {"tipo_tarea": 5, "tipo_servicio": 2, "precio": "0.00"}}, {"model": "tarifa.tarifa", "pk": 23, "fields": {"tipo_tarea": 5, "tipo_servicio": 3, "precio": "0.00"}}, {"model": "tarifa.tarifa", "pk": 24, "fields": {"tipo_tarea": 5, "tipo_servicio": 4, "precio": "0.00"}}, {"model": "tarifa.tarifa", "pk": 25, "fields": {"tipo_tarea": 5, "tipo_servicio": 5, "precio": "0.00"}}, {"model": "tarifa.tarifa", "pk": 26, "fields": {"tipo_tarea": 6, "tipo_servicio": 1, "precio": "0.00"}}, {"model": "tarifa.tarifa", "pk": 27, "fields": {"tipo_tarea": 6, "tipo_servicio": 2, "precio": "0.00"}}, {"model": "tarifa.tarifa", "pk": 28, "fields": {"tipo_tarea": 6, "tipo_servicio": 3, "precio": "0.00"}}, {"model": "tarifa.tarifa", "pk": 29, "fields": {"tipo_tarea": 6, "tipo_servicio": 4, "precio": "0.00"}}, {"model": "tarifa.tarifa", "pk": 30, "fields": {"tipo_tarea": 6, "tipo_servicio": 5, "precio": "0.00"}}, {"model": "tarifa.tarifa", "pk": 31, "fields": {"tipo_tarea": 7, "tipo_servicio": 1, "precio": "0.00"}}, {"model": "tarifa.tarifa", "pk": 32, "fields": {"tipo_tarea": 7, "tipo_servicio": 2, "precio": "0.00"}}, {"model": "tarifa.tarifa", "pk": 33, "fields": {"tipo_tarea": 7, "tipo_servicio": 3, "precio": "0.00"}}, {"model": "tarifa.tarifa", "pk": 34, "fields": {"tipo_tarea": 7, "tipo_servicio": 4, "precio": "0.00"}}, {"model": "tarifa.tarifa", "pk": 35, "fields": {"tipo_tarea": 7, "tipo_servicio": 5, "precio": "0.00"}}, {"model": "tarifa.tarifa", "pk": 36, "fields": {"tipo_tarea": 8, "tipo_servicio": 1, "precio": "0.00"}}, {"model": "tarifa.tarifa", "pk": 37, "fields": {"tipo_tarea": 8, "tipo_servicio": 2, "precio": "0.00"}}, {"model": "tarifa.tarifa", "pk": 38, "fields": {"tipo_tarea": 8, "tipo_servicio": 3, "precio": "0.00"}}, {"model": "tarifa.tarifa", "pk": 39, "fields": {"tipo_tarea": 8, "tipo_servicio": 4, "precio": "0.00"}}, {"model": "tarifa.tarifa", "pk": 40, "fields": {"tipo_tarea": 8, "tipo_servicio": 5, "precio": "0.00"}}, {"model": "tarifa.tarifa", "pk": 41, "fields": {"tipo_tarea": 9, "tipo_servicio": 1, "precio": "0.00"}}, {"model": "tarifa.tarifa", "pk": 42, "fields": {"tipo_tarea": 9, "tipo_servicio": 2, "precio": "0.00"}}, {"model": "tarifa.tarifa", "pk": 43, "fields": {"tipo_tarea": 9, "tipo_servicio": 3, "precio": "0.00"}}, {"model": "tarifa.tarifa", "pk": 44, "fields": {"tipo_tarea": 9, "tipo_servicio": 4, "precio": "0.00"}}, {"model": "tarifa.tarifa", "pk": 45, "fields": {"tipo_tarea": 9, "tipo_servicio": 5, "precio": "0.00"}}, {"model": "tarifa.tarifa", "pk": 46, "fields": {"tipo_tarea": 10, "tipo_servicio": 1, "precio": "100.00"}}, {"model": "tarifa.tarifa", "pk": 47, "fields": {"tipo_tarea": 10, "tipo_servicio": 2, "precio": "100.00"}}, {"model": "tarifa.tarifa", "pk": 48, "fields": {"tipo_tarea": 10, "tipo_servicio": 4, "precio": "0.00"}}, {"model": "tarifa.tarifa", "pk": 49, "fields": {"tipo_tarea": 10, "tipo_servicio": 5, "precio": "0.00"}}, {"model": "tarifa.tarifa", "pk": 50, "fields": {"tipo_tarea": 11, "tipo_servicio": 1, "precio": "100.00"}}, {"model": "tarifa.tarifa", "pk": 51, "fields": {"tipo_tarea": 11, "tipo_servicio": 2, "precio": "200.00"}}, {"model": "tarifa.tarifa", "pk": 52, "fields": {"tipo_tarea": 11, "tipo_servicio": 4, "precio": "0.00"}}, {"model": "tarifa.tarifa", "pk": 53, "fields": {"tipo_tarea": 11, "tipo_servicio": 5, "precio": "0.00"}}, {"model": "tarifa.tarifa", "pk": 54, "fields": {"tipo_tarea": 12, "tipo_servicio": 1, "precio": "0.00"}}, {"model": "tarifa.tarifa", "pk": 55, "fields": {"tipo_tarea": 12, "tipo_servicio": 2, "precio": "0.00"}}, {"model": "tarifa.tarifa", "pk": 56, "fields": {"tipo_tarea": 12, "tipo_servicio": 4, "precio": "0.00"}}, {"model": "tarifa.tarifa", "pk": 57, "fields": {"tipo_tarea": 12, "tipo_servicio": 5, "precio": "0.00"}}, {"model": "tarifa.tarifa", "pk": 58, "fields": {"tipo_tarea": 13, "tipo_servicio": 1, "precio": "0.00"}}, {"model": "tarifa.tarifa", "pk": 59, "fields": {"tipo_tarea": 13, "tipo_servicio": 2, "precio": "0.00"}}, {"model": "tarifa.tarifa", "pk": 60, "fields": {"tipo_tarea": 13, "tipo_servicio": 4, "precio": "0.00"}}, {"model": "tarifa.tarifa", "pk": 61, "fields": {"tipo_tarea": 13, "tipo_servicio": 5, "precio": "0.00"}}, {"model": "servicio.tiposervicio", "pk": 1, "fields": {"deleted": null, "nombre": "Taller", "descripcion": "Trabajos en taller"}}, {"model": "servicio.tiposervicio", "pk": 2, "fields": {"deleted": null, "nombre": "On site", "descripcion": "Trabajos a domicilio"}}, {"model": "servicio.tiposervicio", "pk": 4, "fields": {"deleted": null, "nombre": "Alto riesgo", "descripcion": "Trabajos que involucran la integridad del tecnico"}}, {"model": "servicio.tiposervicio", "pk": 5, "fields": {"deleted": null, "nombre": "Volc\u00e1nico", "descripcion": "Trabajos en la superficie o en las proximidades de un volc\u00e1n"}}, {"model": "orden.equipo", "pk": 1, "fields": {"deleted": null, "nro_serie": 666, "descripcion": "La all in one", "rubro": 5}}, {"model": "auth.permission", "pk": 1, "fields": {"name": "Can add log entry", "content_type": 1, "codename": "add_logentry"}}, {"model": "auth.permission", "pk": 2, "fields": {"name": "Can change log entry", "content_type": 1, "codename": "change_logentry"}}, {"model": "auth.permission", "pk": 3, "fields": {"name": "Can delete log entry", "content_type": 1, "codename": "delete_logentry"}}, {"model": "auth.permission", "pk": 4, "fields": {"name": "Can add permission", "content_type": 2, "codename": "add_permission"}}, {"model": "auth.permission", "pk": 5, "fields": {"name": "Can change permission", "content_type": 2, "codename": "change_permission"}}, {"model": "auth.permission", "pk": 6, "fields": {"name": "Can delete permission", "content_type": 2, "codename": "delete_permission"}}, {"model": "auth.permission", "pk": 7, "fields": {"name": "Can add group", "content_type": 3, "codename": "add_group"}}, {"model": "auth.permission", "pk": 8, "fields": {"name": "Can change group", "content_type": 3, "codename": "change_group"}}, {"model": "auth.permission", "pk": 9, "fields": {"name": "Can delete group", "content_type": 3, "codename": "delete_group"}}, {"model": "auth.permission", "pk": 10, "fields": {"name": "Can add content type", "content_type": 4, "codename": "add_contenttype"}}, {"model": "auth.permission", "pk": 11, "fields": {"name": "Can change content type", "content_type": 4, "codename": "change_contenttype"}}, {"model": "auth.permission", "pk": 12, "fields": {"name": "Can delete content type", "content_type": 4, "codename": "delete_contenttype"}}, {"model": "auth.permission", "pk": 13, "fields": {"name": "Can add session", "content_type": 5, "codename": "add_session"}}, {"model": "auth.permission", "pk": 14, "fields": {"name": "Can change session", "content_type": 5, "codename": "change_session"}}, {"model": "auth.permission", "pk": 15, "fields": {"name": "Can delete session", "content_type": 5, "codename": "delete_session"}}, {"model": "auth.permission", "pk": 16, "fields": {"name": "Can add producto", "content_type": 6, "codename": "add_producto"}}, {"model": "auth.permission", "pk": 17, "fields": {"name": "Can change producto", "content_type": 6, "codename": "change_producto"}}, {"model": "auth.permission", "pk": 18, "fields": {"name": "Can delete producto", "content_type": 6, "codename": "delete_producto"}}, {"model": "auth.permission", "pk": 19, "fields": {"name": "Can add reserva stock", "content_type": 7, "codename": "add_reservastock"}}, {"model": "auth.permission", "pk": 20, "fields": {"name": "Can change reserva stock", "content_type": 7, "codename": "change_reservastock"}}, {"model": "auth.permission", "pk": 21, "fields": {"name": "Can delete reserva stock", "content_type": 7, "codename": "delete_reservastock"}}, {"model": "auth.permission", "pk": 22, "fields": {"name": "Can add persona", "content_type": 8, "codename": "add_persona"}}, {"model": "auth.permission", "pk": 23, "fields": {"name": "Can change persona", "content_type": 8, "codename": "change_persona"}}, {"model": "auth.permission", "pk": 24, "fields": {"name": "Can delete persona", "content_type": 8, "codename": "delete_persona"}}, {"model": "auth.permission", "pk": 25, "fields": {"name": "Can add rol", "content_type": 9, "codename": "add_rol"}}, {"model": "auth.permission", "pk": 26, "fields": {"name": "Can change rol", "content_type": 9, "codename": "change_rol"}}, {"model": "auth.permission", "pk": 27, "fields": {"name": "Can delete rol", "content_type": 9, "codename": "delete_rol"}}, {"model": "auth.permission", "pk": 28, "fields": {"name": "Can add cliente", "content_type": 10, "codename": "add_cliente"}}, {"model": "auth.permission", "pk": 29, "fields": {"name": "Can change cliente", "content_type": 10, "codename": "change_cliente"}}, {"model": "auth.permission", "pk": 30, "fields": {"name": "Can delete cliente", "content_type": 10, "codename": "delete_cliente"}}, {"model": "auth.permission", "pk": 31, "fields": {"name": "Can add gerente", "content_type": 11, "codename": "add_gerente"}}, {"model": "auth.permission", "pk": 32, "fields": {"name": "Can change gerente", "content_type": 11, "codename": "change_gerente"}}, {"model": "auth.permission", "pk": 33, "fields": {"name": "Can delete gerente", "content_type": 11, "codename": "delete_gerente"}}, {"model": "auth.permission", "pk": 34, "fields": {"name": "Can add jefe taller", "content_type": 12, "codename": "add_jefetaller"}}, {"model": "auth.permission", "pk": 35, "fields": {"name": "Can change jefe taller", "content_type": 12, "codename": "change_jefetaller"}}, {"model": "auth.permission", "pk": 36, "fields": {"name": "Can delete jefe taller", "content_type": 12, "codename": "delete_jefetaller"}}, {"model": "auth.permission", "pk": 37, "fields": {"name": "Can add tecnico", "content_type": 13, "codename": "add_tecnico"}}, {"model": "auth.permission", "pk": 38, "fields": {"name": "Can change tecnico", "content_type": 13, "codename": "change_tecnico"}}, {"model": "auth.permission", "pk": 39, "fields": {"name": "Can delete tecnico", "content_type": 13, "codename": "delete_tecnico"}}, {"model": "auth.permission", "pk": 40, "fields": {"name": "Can add rubro", "content_type": 14, "codename": "add_rubro"}}, {"model": "auth.permission", "pk": 41, "fields": {"name": "Can change rubro", "content_type": 14, "codename": "change_rubro"}}, {"model": "auth.permission", "pk": 42, "fields": {"name": "Can delete rubro", "content_type": 14, "codename": "delete_rubro"}}, {"model": "auth.permission", "pk": 43, "fields": {"name": "Can add estado tarea", "content_type": 15, "codename": "add_estadotarea"}}, {"model": "auth.permission", "pk": 44, "fields": {"name": "Can change estado tarea", "content_type": 15, "codename": "change_estadotarea"}}, {"model": "auth.permission", "pk": 45, "fields": {"name": "Can delete estado tarea", "content_type": 15, "codename": "delete_estadotarea"}}, {"model": "auth.permission", "pk": 46, "fields": {"name": "Can add observacion tarea", "content_type": 16, "codename": "add_observaciontarea"}}, {"model": "auth.permission", "pk": 47, "fields": {"name": "Can change observacion tarea", "content_type": 16, "codename": "change_observaciontarea"}}, {"model": "auth.permission", "pk": 48, "fields": {"name": "Can delete observacion tarea", "content_type": 16, "codename": "delete_observaciontarea"}}, {"model": "auth.permission", "pk": 49, "fields": {"name": "Can add tarea", "content_type": 17, "codename": "add_tarea"}}, {"model": "auth.permission", "pk": 50, "fields": {"name": "Can change tarea", "content_type": 17, "codename": "change_tarea"}}, {"model": "auth.permission", "pk": 51, "fields": {"name": "Can delete tarea", "content_type": 17, "codename": "delete_tarea"}}, {"model": "auth.permission", "pk": 52, "fields": {"name": "Can add tipo tarea", "content_type": 18, "codename": "add_tipotarea"}}, {"model": "auth.permission", "pk": 53, "fields": {"name": "Can change tipo tarea", "content_type": 18, "codename": "change_tipotarea"}}, {"model": "auth.permission", "pk": 54, "fields": {"name": "Can delete tipo tarea", "content_type": 18, "codename": "delete_tipotarea"}}, {"model": "auth.permission", "pk": 55, "fields": {"name": "Can add tarea cancelada", "content_type": 19, "codename": "add_tareacancelada"}}, {"model": "auth.permission", "pk": 56, "fields": {"name": "Can change tarea cancelada", "content_type": 19, "codename": "change_tareacancelada"}}, {"model": "auth.permission", "pk": 57, "fields": {"name": "Can delete tarea cancelada", "content_type": 19, "codename": "delete_tareacancelada"}}, {"model": "auth.permission", "pk": 58, "fields": {"name": "Can add tarea pendiente", "content_type": 20, "codename": "add_tareapendiente"}}, {"model": "auth.permission", "pk": 59, "fields": {"name": "Can change tarea pendiente", "content_type": 20, "codename": "change_tareapendiente"}}, {"model": "auth.permission", "pk": 60, "fields": {"name": "Can delete tarea pendiente", "content_type": 20, "codename": "delete_tareapendiente"}}, {"model": "auth.permission", "pk": 61, "fields": {"name": "Can add tarea presupuestada", "content_type": 21, "codename": "add_tareapresupuestada"}}, {"model": "auth.permission", "pk": 62, "fields": {"name": "Can change tarea presupuestada", "content_type": 21, "codename": "change_tareapresupuestada"}}, {"model": "auth.permission", "pk": 63, "fields": {"name": "Can delete tarea presupuestada", "content_type": 21, "codename": "delete_tareapresupuestada"}}, {"model": "auth.permission", "pk": 64, "fields": {"name": "Can add tarea realizada", "content_type": 22, "codename": "add_tarearealizada"}}, {"model": "auth.permission", "pk": 65, "fields": {"name": "Can change tarea realizada", "content_type": 22, "codename": "change_tarearealizada"}}, {"model": "auth.permission", "pk": 66, "fields": {"name": "Can delete tarea realizada", "content_type": 22, "codename": "delete_tarearealizada"}}, {"model": "auth.permission", "pk": 67, "fields": {"name": "Can add tarifa", "content_type": 23, "codename": "add_tarifa"}}, {"model": "auth.permission", "pk": 68, "fields": {"name": "Can change tarifa", "content_type": 23, "codename": "change_tarifa"}}, {"model": "auth.permission", "pk": 69, "fields": {"name": "Can delete tarifa", "content_type": 23, "codename": "delete_tarifa"}}, {"model": "auth.permission", "pk": 70, "fields": {"name": "Can add tipo servicio", "content_type": 24, "codename": "add_tiposervicio"}}, {"model": "auth.permission", "pk": 71, "fields": {"name": "Can change tipo servicio", "content_type": 24, "codename": "change_tiposervicio"}}, {"model": "auth.permission", "pk": 72, "fields": {"name": "Can delete tipo servicio", "content_type": 24, "codename": "delete_tiposervicio"}}, {"model": "auth.permission", "pk": 73, "fields": {"name": "Can add usuario", "content_type": 25, "codename": "add_usuario"}}, {"model": "auth.permission", "pk": 74, "fields": {"name": "Can change usuario", "content_type": 25, "codename": "change_usuario"}}, {"model": "auth.permission", "pk": 75, "fields": {"name": "Can delete usuario", "content_type": 25, "codename": "delete_usuario"}}, {"model": "auth.permission", "pk": 76, "fields": {"name": "Can add equipo", "content_type": 26, "codename": "add_equipo"}}, {"model": "auth.permission", "pk": 77, "fields": {"name": "Can change equipo", "content_type": 26, "codename": "change_equipo"}}, {"model": "auth.permission", "pk": 78, "fields": {"name": "Can delete equipo", "content_type": 26, "codename": "delete_equipo"}}, {"model": "auth.permission", "pk": 79, "fields": {"name": "Can add orden", "content_type": 27, "codename": "add_orden"}}, {"model": "auth.permission", "pk": 80, "fields": {"name": "Can change orden", "content_type": 27, "codename": "change_orden"}}, {"model": "auth.permission", "pk": 81, "fields": {"name": "Can delete orden", "content_type": 27, "codename": "delete_orden"}}, {"model": "auth.group", "pk": 1, "fields": {"name": "Tecnico", "permissions": [28, 29, 30, 16, 43]}}, {"model": "auth.group", "pk": 2, "fields": {"name": "Gerente", "permissions": []}}, {"model": "usuario.usuario", "pk": 1, "fields": {"password": "pbkdf2_sha256$36000$VMyc9o9WAnmd$e8rz3f32/Z1L/m8IyZPnitQPcTDxDD1MLxzPXrWYfHk=", "last_login": "2017-12-12T05:34:10.593Z", "is_superuser": true, "username": "luciano", "first_name": "", "last_name": "", "email": "", "is_staff": true, "is_active": true, "date_joined": "2017-12-05T20:26:07.364Z", "primer_login": true, "groups": [1], "user_permissions": []}}, {"model": "usuario.usuario", "pk": 10, "fields": {"password": "pbkdf2_sha256$36000$SXu2RevyGOhR$FgRyaABpN5IWFPDauFlvnKum75E/XHtlltzUHRkpJAY=", "last_login": null, "is_superuser": false, "username": "gingravallo", "first_name": "Gabriel", "last_name": "Ingravallo", "email": "gabrielingravallo@speedy.com", "is_staff": false, "is_active": true, "date_joined": "2017-12-07T22:21:15.562Z", "primer_login": true, "groups": [1], "user_permissions": []}}, {"model": "usuario.usuario", "pk": 12, "fields": {"password": "pbkdf2_sha256$36000$obOzSJulKS3n$6rCpdqX1XTFRlN7pqE3Jl89VFMkqEIRdmMPbmocepzM=", "last_login": null, "is_superuser": false, "username": "jde san mart\u00edn y matorras", "first_name": "Jos\u00e9 Franciso", "last_name": "de San Mart\u00edn y Matorras", "email": "soii_el_procer_blda@hotmail.com", "is_staff": false, "is_active": true, "date_joined": "2017-12-10T23:09:23.908Z", "primer_login": true, "groups": [], "user_permissions": []}}, {"model": "usuario.usuario", "pk": 14, "fields": {"password": "pbkdf2_sha256$36000$x3NpAL0h1cza$hhH3u6qsckiJeqYRPMzVc5q/4ZhMR3gQU6z4kYpKM4Y=", "last_login": "2017-12-12T05:36:09.137Z", "is_superuser": false, "username": "rstallman", "first_name": "Richard", "last_name": "Stallman", "email": "ricki@stallman.com", "is_staff": false, "is_active": true, "date_joined": "2017-12-10T23:10:45.675Z", "primer_login": false, "groups": [], "user_permissions": []}}, {"model": "orden.orden", "pk": 1, "fields": {"deleted": null, "cliente": 2, "rubro": 1, "equipo": null, "tipo_servicio": 3, "usuario": 1, "tecnico": 4, "descripcion": "es un trabajo de pc pero no hay pc<br>", "fecha_creacion": "2017-12-05T20:34:05.089Z", "fecha_fin": "2017-12-05T20:36:26.404Z", "cerrada": true, "cancelada": false, "precio_final": "2100.00"}}, {"model": "orden.orden", "pk": 2, "fields": {"deleted": null, "cliente": 3, "rubro": 1, "equipo": null, "tipo_servicio": 2, "usuario": 1, "tecnico": 4, "descripcion": "asdas", "fecha_creacion": "2017-12-05T20:54:02.835Z", "fecha_fin": "2017-12-06T19:50:10.746Z", "cerrada": true, "cancelada": false, "precio_final": "1950.00"}}, {"model": "orden.orden", "pk": 3, "fields": {"deleted": null, "cliente": 2, "rubro": 4, "equipo": null, "tipo_servicio": 2, "usuario": 1, "tecnico": 4, "descripcion": "asdasd", "fecha_creacion": "2017-12-05T21:36:19.924Z", "fecha_fin": "2017-12-06T01:35:50.412Z", "cerrada": true, "cancelada": false, "precio_final": "1800.00"}}, {"model": "orden.orden", "pk": 4, "fields": {"deleted": null, "cliente": 5, "rubro": 1, "equipo": null, "tipo_servicio": 2, "usuario": 1, "tecnico": 6, "descripcion": "laburito a moreno<br>", "fecha_creacion": "2017-12-07T13:26:45.427Z", "fecha_fin": "2017-12-07T13:28:46.176Z", "cerrada": true, "cancelada": false, "precio_final": "2300.00"}}, {"model": "orden.orden", "pk": 5, "fields": {"deleted": null, "cliente": 5, "rubro": 1, "equipo": null, "tipo_servicio": 2, "usuario": 1, "tecnico": 7, "descripcion": "", "fecha_creacion": "2017-12-07T18:56:13.138Z", "fecha_fin": "2017-12-07T18:57:03.423Z", "cerrada": true, "cancelada": false, "precio_final": "3050.00"}}, {"model": "orden.orden", "pk": 6, "fields": {"deleted": null, "cliente": 8, "rubro": 4, "equipo": null, "tipo_servicio": 1, "usuario": 1, "tecnico": 6, "descripcion": "<br>", "fecha_creacion": "2017-12-07T20:54:34.708Z", "fecha_fin": "2017-12-07T20:55:39.984Z", "cerrada": true, "cancelada": false, "precio_final": "2400.00"}}, {"model": "orden.orden", "pk": 7, "fields": {"deleted": null, "cliente": 2, "rubro": 4, "equipo": null, "tipo_servicio": 1, "usuario": 1, "tecnico": 4, "descripcion": "", "fecha_creacion": "2017-12-07T20:56:52.035Z", "fecha_fin": "2017-12-07T21:10:21.016Z", "cerrada": true, "cancelada": false, "precio_final": "3600.00"}}, {"model": "orden.orden", "pk": 8, "fields": {"deleted": null, "cliente": 2, "rubro": 4, "equipo": null, "tipo_servicio": 1, "usuario": 1, "tecnico": 4, "descripcion": "", "fecha_creacion": "2017-12-07T21:12:10.547Z", "fecha_fin": "2017-12-09T18:09:38.155Z", "cerrada": true, "cancelada": false, "precio_final": "7200.00"}}, {"model": "orden.orden", "pk": 9, "fields": {"deleted": null, "cliente": 3, "rubro": 1, "equipo": null, "tipo_servicio": 1, "usuario": 1, "tecnico": 7, "descripcion": "", "fecha_creacion": "2017-12-07T21:46:00.161Z", "fecha_fin": "2017-12-09T17:47:53.137Z", "cerrada": false, "cancelada": true, "precio_final": "0.00"}}, {"model": "orden.orden", "pk": 10, "fields": {"deleted": null, "cliente": 8, "rubro": 5, "equipo": 1, "tipo_servicio": 2, "usuario": 1, "tecnico": 4, "descripcion": "Un problema re problematico<div><br></div>", "fecha_creacion": "2017-12-07T22:07:49.665Z", "fecha_fin": "2017-12-07T22:17:33.607Z", "cerrada": true, "cancelada": false, "precio_final": "9050.00"}}, {"model": "orden.orden", "pk": 11, "fields": {"deleted": null, "cliente": 2, "rubro": 5, "equipo": 1, "tipo_servicio": 1, "usuario": 1, "tecnico": 4, "descripcion": "", "fecha_creacion": "2017-12-09T18:36:55.640Z", "fecha_fin": "2017-12-10T00:57:41.749Z", "cerrada": false, "cancelada": true, "precio_final": "0.00"}}, {"model": "orden.orden", "pk": 12, "fields": {"deleted": null, "cliente": 8, "rubro": 1, "equipo": null, "tipo_servicio": 1, "usuario": 1, "tecnico": 4, "descripcion": "", "fecha_creacion": "2017-12-10T00:58:22.576Z", "fecha_fin": "2017-12-10T00:58:40.333Z", "cerrada": false, "cancelada": true, "precio_final": "0.00"}}, {"model": "orden.orden", "pk": 13, "fields": {"deleted": null, "cliente": 2, "rubro": 1, "equipo": null, "tipo_servicio": 1, "usuario": 1, "tecnico": 9, "descripcion": "", "fecha_creacion": "2017-12-10T00:59:20.457Z", "fecha_fin": "2017-12-10T00:59:38.377Z", "cerrada": false, "cancelada": true, "precio_final": "0.00"}}, {"model": "orden.orden", "pk": 14, "fields": {"deleted": null, "cliente": 2, "rubro": 1, "equipo": null, "tipo_servicio": 1, "usuario": 1, "tecnico": 4, "descripcion": "", "fecha_creacion": "2017-12-10T01:35:47.327Z", "fecha_fin": "2017-12-10T01:36:17.622Z", "cerrada": false, "cancelada": true, "precio_final": "0.00"}}, {"model": "orden.orden", "pk": 15, "fields": {"deleted": null, "cliente": 3, "rubro": 5, "equipo": null, "tipo_servicio": 4, "usuario": 1, "tecnico": 9, "descripcion": "", "fecha_creacion": "2016-12-11T05:07:36.231Z", "fecha_fin": "2016-12-11T05:08:29.580Z", "cerrada": true, "cancelada": false, "precio_final": "2850.00"}}, {"model": "orden.orden", "pk": 16, "fields": {"deleted": null, "cliente": 5, "rubro": 3, "equipo": null, "tipo_servicio": 2, "usuario": 1, "tecnico": 7, "descripcion": "", "fecha_creacion": "2016-12-11T05:09:01.752Z", "fecha_fin": "2016-12-11T05:09:35.078Z", "cerrada": true, "cancelada": false, "precio_final": "2500.00"}}, {"model": "orden.orden", "pk": 17, "fields": {"deleted": null, "cliente": 8, "rubro": 4, "equipo": null, "tipo_servicio": 4, "usuario": 1, "tecnico": 4, "descripcion": "", "fecha_creacion": "2016-12-11T05:09:57.870Z", "fecha_fin": "2016-12-11T05:10:24.507Z", "cerrada": false, "cancelada": true, "precio_final": "0.00"}}, {"model": "orden.orden", "pk": 18, "fields": {"deleted": null, "cliente": 2, "rubro": 1, "equipo": null, "tipo_servicio": 5, "usuario": 1, "tecnico": 4, "descripcion": "", "fecha_creacion": "2016-12-11T05:10:53.479Z", "fecha_fin": "2016-12-11T05:11:37.819Z", "cerrada": true, "cancelada": false, "precio_final": "3800.00"}}, {"model": "orden.orden", "pk": 19, "fields": {"deleted": null, "cliente": 3, "rubro": 2, "equipo": null, "tipo_servicio": 2, "usuario": 1, "tecnico": 9, "descripcion": "", "fecha_creacion": "2017-12-12T05:34:46.577Z", "fecha_fin": "2017-12-12T05:35:55.826Z", "cerrada": true, "cancelada": false, "precio_final": "3350.00"}}, {"model": "tarea.observaciontarea", "pk": 1, "fields": {"deleted": null, "tarea": 6, "usuario": 1, "fecha": "2017-12-07T13:27:38.556Z", "contenido": "<div align=\"justify\">el loco pidio un disquito de estado solido viste"}}, {"model": "tarea.observaciontarea", "pk": 2, "fields": {"deleted": null, "tarea": 15, "usuario": 1, "fecha": "2017-12-07T22:10:10.466Z", "contenido": "<ol><li style=\"text-align: left;\">UNa cosa</li><li style=\"text-align: left;\">2da cosa</li><li style=\"text-align: left;\">3era observaci\u00f3n</li></ol>"}}, {"model": "tarea.tareacancelada", "pk": 50, "fields": {}}, {"model": "tarea.tareacancelada", "pk": 52, "fields": {}}, {"model": "tarea.tareacancelada", "pk": 55, "fields": {}}, {"model": "tarea.tarearealizada", "pk": 3, "fields": {}}, {"model": "tarea.tarearealizada", "pk": 8, "fields": {}}, {"model": "tarea.tarearealizada", "pk": 9, "fields": {}}, {"model": "tarea.tarearealizada", "pk": 12, "fields": {}}, {"model": "tarea.tarearealizada", "pk": 17, "fields": {}}, {"model": "tarea.tarearealizada", "pk": 18, "fields": {}}, {"model": "tarea.tarearealizada", "pk": 23, "fields": {}}, {"model": "tarea.tarearealizada", "pk": 24, "fields": {}}, {"model": "tarea.tarearealizada", "pk": 27, "fields": {}}, {"model": "tarea.tarearealizada", "pk": 30, "fields": {}}, {"model": "tarea.tarearealizada", "pk": 33, "fields": {}}, {"model": "tarea.tarearealizada", "pk": 36, "fields": {}}, {"model": "tarea.tarearealizada", "pk": 41, "fields": {}}, {"model": "tarea.tarearealizada", "pk": 44, "fields": {}}, {"model": "tarea.tarearealizada", "pk": 45, "fields": {}}, {"model": "tarea.tarearealizada", "pk": 48, "fields": {}}, {"model": "tarea.tarearealizada", "pk": 58, "fields": {}}, {"model": "tarea.tarearealizada", "pk": 61, "fields": {}}, {"model": "tarea.tarearealizada", "pk": 64, "fields": {}}, {"model": "tarea.tarearealizada", "pk": 69, "fields": {}}, {"model": "tarea.tarearealizada", "pk": 74, "fields": {}}, {"model": "tarea.tarearealizada", "pk": 75, "fields": {}}, {"model": "tarea.tarearealizada", "pk": 78, "fields": {}}, {"model": "tarea.tarearealizada", "pk": 81, "fields": {}}, {"model": "tarea.tarearealizada", "pk": 86, "fields": {}}, {"model": "tarea.tarearealizada", "pk": 87, "fields": {}}, {"model": "tarea.tarearealizada", "pk": 94, "fields": {}}, {"model": "tarea.tarearealizada", "pk": 95, "fields": {}}, {"model": "tarea.tarearealizada", "pk": 96, "fields": {}}, {"model": "tarea.tareapendiente", "pk": 2, "fields": {}}, {"model": "tarea.tareapendiente", "pk": 5, "fields": {}}, {"model": "tarea.tareapendiente", "pk": 7, "fields": {}}, {"model": "tarea.tareapendiente", "pk": 11, "fields": {}}, {"model": "tarea.tareapendiente", "pk": 15, "fields": {}}, {"model": "tarea.tareapendiente", "pk": 16, "fields": {}}, {"model": "tarea.tareapendiente", "pk": 21, "fields": {}}, {"model": "tarea.tareapendiente", "pk": 22, "fields": {}}, {"model": "tarea.tareapendiente", "pk": 26, "fields": {}}, {"model": "tarea.tareapendiente", "pk": 29, "fields": {}}, {"model": "tarea.tareapendiente", "pk": 32, "fields": {}}, {"model": "tarea.tareapendiente", "pk": 35, "fields": {}}, {"model": "tarea.tareapendiente", "pk": 40, "fields": {}}, {"model": "tarea.tareapendiente", "pk": 42, "fields": {}}, {"model": "tarea.tareapendiente", "pk": 43, "fields": {}}, {"model": "tarea.tareapendiente", "pk": 47, "fields": {}}, {"model": "tarea.tareapendiente", "pk": 54, "fields": {}}, {"model": "tarea.tareapendiente", "pk": 57, "fields": {}}, {"model": "tarea.tareapendiente", "pk": 60, "fields": {}}, {"model": "tarea.tareapendiente", "pk": 63, "fields": {}}, {"model": "tarea.tareapendiente", "pk": 66, "fields": {}}, {"model": "tarea.tareapendiente", "pk": 68, "fields": {}}, {"model": "tarea.tareapendiente", "pk": 72, "fields": {}}, {"model": "tarea.tareapendiente", "pk": 73, "fields": {}}, {"model": "tarea.tareapendiente", "pk": 77, "fields": {}}, {"model": "tarea.tareapendiente", "pk": 80, "fields": {}}, {"model": "tarea.tareapendiente", "pk": 84, "fields": {}}, {"model": "tarea.tareapendiente", "pk": 85, "fields": {}}, {"model": "tarea.tareapendiente", "pk": 91, "fields": {}}, {"model": "tarea.tareapendiente", "pk": 92, "fields": {}}, {"model": "tarea.tareapendiente", "pk": 93, "fields": {}}, {"model": "tarea.tareapresupuestada", "pk": 1, "fields": {}}, {"model": "tarea.tareapresupuestada", "pk": 4, "fields": {}}, {"model": "tarea.tareapresupuestada", "pk": 6, "fields": {}}, {"model": "tarea.tareapresupuestada", "pk": 10, "fields": {}}, {"model": "tarea.tareapresupuestada", "pk": 13, "fields": {}}, {"model": "tarea.tareapresupuestada", "pk": 14, "fields": {}}, {"model": "tarea.tareapresupuestada", "pk": 19, "fields": {}}, {"model": "tarea.tareapresupuestada", "pk": 20, "fields": {}}, {"model": "tarea.tareapresupuestada", "pk": 25, "fields": {}}, {"model": "tarea.tareapresupuestada", "pk": 28, "fields": {}}, {"model": "tarea.tareapresupuestada", "pk": 31, "fields": {}}, {"model": "tarea.tareapresupuestada", "pk": 34, "fields": {}}, {"model": "tarea.tareapresupuestada", "pk": 37, "fields": {}}, {"model": "tarea.tareapresupuestada", "pk": 38, "fields": {}}, {"model": "tarea.tareapresupuestada", "pk": 39, "fields": {}}, {"model": "tarea.tareapresupuestada", "pk": 46, "fields": {}}, {"model": "tarea.tareapresupuestada", "pk": 49, "fields": {}}, {"model": "tarea.tareapresupuestada", "pk": 51, "fields": {}}, {"model": "tarea.tareapresupuestada", "pk": 53, "fields": {}}, {"model": "tarea.tareapresupuestada", "pk": 56, "fields": {}}, {"model": "tarea.tareapresupuestada", "pk": 59, "fields": {}}, {"model": "tarea.tareapresupuestada", "pk": 62, "fields": {}}, {"model": "tarea.tareapresupuestada", "pk": 65, "fields": {}}, {"model": "tarea.tareapresupuestada", "pk": 67, "fields": {}}, {"model": "tarea.tareapresupuestada", "pk": 70, "fields": {}}, {"model": "tarea.tareapresupuestada", "pk": 71, "fields": {}}, {"model": "tarea.tareapresupuestada", "pk": 76, "fields": {}}, {"model": "tarea.tareapresupuestada", "pk": 79, "fields": {}}, {"model": "tarea.tareapresupuestada", "pk": 82, "fields": {}}, {"model": "tarea.tareapresupuestada", "pk": 83, "fields": {}}, {"model": "tarea.tareapresupuestada", "pk": 88, "fields": {}}, {"model": "tarea.tareapresupuestada", "pk": 89, "fields": {}}, {"model": "tarea.tareapresupuestada", "pk": 90, "fields": {}}, {"model": "tarea.estadotarea", "pk": 1, "fields": {"tarea": 1, "tipo": 1, "timestamp": "2017-12-05T20:34:49.873Z", "usuario": null}}, {"model": "tarea.estadotarea", "pk": 2, "fields": {"tarea": 1, "tipo": 2, "timestamp": "2017-12-05T20:35:15.893Z", "usuario": null}}, {"model": "tarea.estadotarea", "pk": 3, "fields": {"tarea": 1, "tipo": 3, "timestamp": "2017-12-08T15:43:52.893Z", "usuario": 10}}, {"model": "tarea.estadotarea", "pk": 4, "fields": {"tarea": 2, "tipo": 1, "timestamp": "2017-12-05T20:54:12.812Z", "usuario": null}}, {"model": "tarea.estadotarea", "pk": 5, "fields": {"tarea": 2, "tipo": 2, "timestamp": "2017-12-05T20:54:35.128Z", "usuario": null}}, {"model": "tarea.estadotarea", "pk": 6, "fields": {"tarea": 3, "tipo": 1, "timestamp": "2017-12-05T20:54:50.490Z", "usuario": null}}, {"model": "tarea.estadotarea", "pk": 7, "fields": {"tarea": 3, "tipo": 2, "timestamp": "2017-12-05T20:54:54.470Z", "usuario": null}}, {"model": "tarea.estadotarea", "pk": 8, "fields": {"tarea": 3, "tipo": 3, "timestamp": "2017-12-08T15:47:09.623Z", "usuario": 1}}, {"model": "tarea.estadotarea", "pk": 9, "fields": {"tarea": 2, "tipo": 3, "timestamp": "2017-12-08T15:43:53.008Z", "usuario": 10}}, {"model": "tarea.estadotarea", "pk": 10, "fields": {"tarea": 4, "tipo": 1, "timestamp": "2017-12-05T21:36:32.338Z", "usuario": null}}, {"model": "tarea.estadotarea", "pk": 11, "fields": {"tarea": 4, "tipo": 2, "timestamp": "2017-12-06T01:35:34.225Z", "usuario": null}}, {"model": "tarea.estadotarea", "pk": 12, "fields": {"tarea": 4, "tipo": 3, "timestamp": "2017-12-08T15:43:53.030Z", "usuario": 10}}, {"model": "tarea.estadotarea", "pk": 13, "fields": {"tarea": 5, "tipo": 1, "timestamp": "2017-12-07T13:26:50.743Z", "usuario": null}}, {"model": "tarea.estadotarea", "pk": 14, "fields": {"tarea": 6, "tipo": 1, "timestamp": "2017-12-07T13:26:55.790Z", "usuario": null}}, {"model": "tarea.estadotarea", "pk": 15, "fields": {"tarea": 6, "tipo": 2, "timestamp": "2017-12-07T13:27:50.314Z", "usuario": null}}, {"model": "tarea.estadotarea", "pk": 16, "fields": {"tarea": 5, "tipo": 2, "timestamp": "2017-12-07T13:27:50.424Z", "usuario": null}}, {"model": "tarea.estadotarea", "pk": 17, "fields": {"tarea": 6, "tipo": 3, "timestamp": "2017-12-08T15:47:09.685Z", "usuario": 1}}, {"model": "tarea.estadotarea", "pk": 18, "fields": {"tarea": 5, "tipo": 3, "timestamp": "2017-12-08T15:43:53.053Z", "usuario": 10}}, {"model": "tarea.estadotarea", "pk": 19, "fields": {"tarea": 7, "tipo": 1, "timestamp": "2017-12-07T18:56:21.496Z", "usuario": null}}, {"model": "tarea.estadotarea", "pk": 20, "fields": {"tarea": 8, "tipo": 1, "timestamp": "2017-12-07T18:56:36.651Z", "usuario": null}}, {"model": "tarea.estadotarea", "pk": 21, "fields": {"tarea": 8, "tipo": 2, "timestamp": "2017-12-07T18:56:55.610Z", "usuario": null}}, {"model": "tarea.estadotarea", "pk": 22, "fields": {"tarea": 7, "tipo": 2, "timestamp": "2017-12-07T18:56:55.669Z", "usuario": null}}, {"model": "tarea.estadotarea", "pk": 23, "fields": {"tarea": 8, "tipo": 3, "timestamp": "2017-12-08T15:43:53.064Z", "usuario": 10}}, {"model": "tarea.estadotarea", "pk": 24, "fields": {"tarea": 7, "tipo": 3, "timestamp": "2017-12-08T15:47:09.741Z", "usuario": 1}}, {"model": "tarea.estadotarea", "pk": 25, "fields": {"tarea": 9, "tipo": 1, "timestamp": "2017-12-07T20:54:39.487Z", "usuario": null}}, {"model": "tarea.estadotarea", "pk": 26, "fields": {"tarea": 9, "tipo": 2, "timestamp": "2017-12-07T20:55:32.083Z", "usuario": null}}, {"model": "tarea.estadotarea", "pk": 27, "fields": {"tarea": 9, "tipo": 3, "timestamp": "2017-12-08T15:43:53.086Z", "usuario": 10}}, {"model": "tarea.estadotarea", "pk": 28, "fields": {"tarea": 10, "tipo": 1, "timestamp": "2017-12-07T20:56:56.809Z", "usuario": null}}, {"model": "tarea.estadotarea", "pk": 29, "fields": {"tarea": 10, "tipo": 2, "timestamp": "2017-12-07T20:57:29.227Z", "usuario": null}}, {"model": "tarea.estadotarea", "pk": 30, "fields": {"tarea": 10, "tipo": 3, "timestamp": "2017-12-08T15:47:09.763Z", "usuario": 1}}, {"model": "tarea.estadotarea", "pk": 31, "fields": {"tarea": 11, "tipo": 1, "timestamp": "2017-12-07T21:12:15.006Z", "usuario": null}}, {"model": "tarea.estadotarea", "pk": 32, "fields": {"tarea": 11, "tipo": 2, "timestamp": "2017-12-07T21:13:22.418Z", "usuario": null}}, {"model": "tarea.estadotarea", "pk": 33, "fields": {"tarea": 11, "tipo": 3, "timestamp": "2017-12-08T15:47:09.774Z", "usuario": 1}}, {"model": "tarea.estadotarea", "pk": 34, "fields": {"tarea": 12, "tipo": 1, "timestamp": "2017-12-07T21:46:05.186Z", "usuario": null}}, {"model": "tarea.estadotarea", "pk": 35, "fields": {"tarea": 12, "tipo": 2, "timestamp": "2017-12-07T21:46:31.350Z", "usuario": null}}, {"model": "tarea.estadotarea", "pk": 36, "fields": {"tarea": 12, "tipo": 3, "timestamp": "2017-12-08T15:43:53.119Z", "usuario": 10}}, {"model": "tarea.estadotarea", "pk": 37, "fields": {"tarea": 13, "tipo": 1, "timestamp": "2017-12-07T22:08:40.382Z", "usuario": null}}, {"model": "tarea.estadotarea", "pk": 38, "fields": {"tarea": 14, "tipo": 1, "timestamp": "2017-12-07T22:08:46.415Z", "usuario": null}}, {"model": "tarea.estadotarea", "pk": 39, "fields": {"tarea": 15, "tipo": 1, "timestamp": "2017-12-07T22:08:52.203Z", "usuario": null}}, {"model": "tarea.estadotarea", "pk": 40, "fields": {"tarea": 15, "tipo": 2, "timestamp": "2017-12-07T22:12:01.737Z", "usuario": null}}, {"model": "tarea.estadotarea", "pk": 41, "fields": {"tarea": 15, "tipo": 3, "timestamp": "2017-12-08T15:47:09.785Z", "usuario": 1}}, {"model": "tarea.estadotarea", "pk": 42, "fields": {"tarea": 14, "tipo": 2, "timestamp": "2017-12-07T22:14:00.253Z", "usuario": null}}, {"model": "tarea.estadotarea", "pk": 43, "fields": {"tarea": 13, "tipo": 2, "timestamp": "2017-12-07T22:14:00.294Z", "usuario": null}}, {"model": "tarea.estadotarea", "pk": 44, "fields": {"tarea": 14, "tipo": 3, "timestamp": "2017-12-08T15:47:09.796Z", "usuario": 1}}, {"model": "tarea.estadotarea", "pk": 45, "fields": {"tarea": 13, "tipo": 3, "timestamp": "2017-12-08T15:43:53.153Z", "usuario": 10}}, {"model": "tarea.estadotarea", "pk": 46, "fields": {"tarea": 16, "tipo": 1, "timestamp": "2017-12-07T22:15:32.836Z", "usuario": null}}, {"model": "tarea.estadotarea", "pk": 47, "fields": {"tarea": 16, "tipo": 2, "timestamp": "2017-12-07T22:16:21.412Z", "usuario": null}}, {"model": "tarea.estadotarea", "pk": 48, "fields": {"tarea": 16, "tipo": 3, "timestamp": "2017-12-08T15:43:53.164Z", "usuario": 10}}, {"model": "tarea.estadotarea", "pk": 49, "fields": {"tarea": 17, "tipo": 1, "timestamp": "2017-12-09T17:33:55.528Z", "usuario": null}}, {"model": "tarea.estadotarea", "pk": 50, "fields": {"tarea": 17, "tipo": 4, "timestamp": "2017-12-09T17:34:12.318Z", "usuario": 1}}, {"model": "tarea.estadotarea", "pk": 51, "fields": {"tarea": 17, "tipo": 1, "timestamp": "2017-12-09T17:34:22.336Z", "usuario": null}}, {"model": "tarea.estadotarea", "pk": 52, "fields": {"tarea": 17, "tipo": 4, "timestamp": "2017-12-09T17:43:14.225Z", "usuario": 1}}, {"model": "tarea.estadotarea", "pk": 53, "fields": {"tarea": 17, "tipo": 1, "timestamp": "2017-12-09T17:43:23.987Z", "usuario": null}}, {"model": "tarea.estadotarea", "pk": 54, "fields": {"tarea": 17, "tipo": 2, "timestamp": "2017-12-09T17:43:36.953Z", "usuario": 1}}, {"model": "tarea.estadotarea", "pk": 55, "fields": {"tarea": 17, "tipo": 4, "timestamp": "2017-12-09T17:43:43.870Z", "usuario": 1}}, {"model": "tarea.estadotarea", "pk": 56, "fields": {"tarea": 17, "tipo": 1, "timestamp": "2017-12-09T17:44:39.930Z", "usuario": null}}, {"model": "tarea.estadotarea", "pk": 57, "fields": {"tarea": 17, "tipo": 2, "timestamp": "2017-12-09T17:44:58.619Z", "usuario": 1}}, {"model": "tarea.estadotarea", "pk": 58, "fields": {"tarea": 17, "tipo": 3, "timestamp": "2017-12-09T17:45:06.014Z", "usuario": 1}}, {"model": "tarea.estadotarea", "pk": 59, "fields": {"tarea": 18, "tipo": 1, "timestamp": "2017-12-09T18:37:02.198Z", "usuario": null}}, {"model": "tarea.estadotarea", "pk": 60, "fields": {"tarea": 18, "tipo": 2, "timestamp": "2017-12-09T18:37:18.307Z", "usuario": 1}}, {"model": "tarea.estadotarea", "pk": 61, "fields": {"tarea": 18, "tipo": 3, "timestamp": "2017-12-09T18:37:23.108Z", "usuario": 1}}, {"model": "tarea.estadotarea", "pk": 62, "fields": {"tarea": 19, "tipo": 1, "timestamp": "2017-12-10T00:58:26.706Z", "usuario": null}}, {"model": "tarea.estadotarea", "pk": 63, "fields": {"tarea": 19, "tipo": 2, "timestamp": "2017-12-10T00:58:29.833Z", "usuario": 1}}, {"model": "tarea.estadotarea", "pk": 64, "fields": {"tarea": 19, "tipo": 3, "timestamp": "2017-12-10T00:58:35.782Z", "usuario": 1}}, {"model": "tarea.estadotarea", "pk": 65, "fields": {"tarea": 20, "tipo": 1, "timestamp": "2017-12-10T00:59:28.084Z", "usuario": null}}, {"model": "tarea.estadotarea", "pk": 66, "fields": {"tarea": 20, "tipo": 2, "timestamp": "2017-12-10T00:59:30.861Z", "usuario": 1}}, {"model": "tarea.estadotarea", "pk": 67, "fields": {"tarea": 21, "tipo": 1, "timestamp": "2017-12-10T01:35:51.865Z", "usuario": null}}, {"model": "tarea.estadotarea", "pk": 68, "fields": {"tarea": 21, "tipo": 2, "timestamp": "2017-12-10T01:36:07.960Z", "usuario": 1}}, {"model": "tarea.estadotarea", "pk": 69, "fields": {"tarea": 21, "tipo": 3, "timestamp": "2017-12-10T01:36:11.727Z", "usuario": 1}}, {"model": "tarea.estadotarea", "pk": 70, "fields": {"tarea": 22, "tipo": 1, "timestamp": "2016-12-11T05:07:42.143Z", "usuario": null}}, {"model": "tarea.estadotarea", "pk": 71, "fields": {"tarea": 23, "tipo": 1, "timestamp": "2016-12-11T05:07:46.486Z", "usuario": null}}, {"model": "tarea.estadotarea", "pk": 72, "fields": {"tarea": 23, "tipo": 2, "timestamp": "2016-12-11T05:08:18.124Z", "usuario": 1}}, {"model": "tarea.estadotarea", "pk": 73, "fields": {"tarea": 22, "tipo": 2, "timestamp": "2016-12-11T05:08:18.212Z", "usuario": 1}}, {"model": "tarea.estadotarea", "pk": 74, "fields": {"tarea": 23, "tipo": 3, "timestamp": "2016-12-11T05:08:23.674Z", "usuario": 1}}, {"model": "tarea.estadotarea", "pk": 75, "fields": {"tarea": 22, "tipo": 3, "timestamp": "2016-12-11T05:08:23.690Z", "usuario": 1}}, {"model": "tarea.estadotarea", "pk": 76, "fields": {"tarea": 24, "tipo": 1, "timestamp": "2016-12-11T05:09:08.164Z", "usuario": null}}, {"model": "tarea.estadotarea", "pk": 77, "fields": {"tarea": 24, "tipo": 2, "timestamp": "2016-12-11T05:09:19.410Z", "usuario": 1}}, {"model": "tarea.estadotarea", "pk": 78, "fields": {"tarea": 24, "tipo": 3, "timestamp": "2016-12-11T05:09:29.358Z", "usuario": 1}}, {"model": "tarea.estadotarea", "pk": 79, "fields": {"tarea": 25, "tipo": 1, "timestamp": "2016-12-11T05:10:10.242Z", "usuario": null}}, {"model": "tarea.estadotarea", "pk": 80, "fields": {"tarea": 25, "tipo": 2, "timestamp": "2016-12-11T05:10:14.009Z", "usuario": 1}}, {"model": "tarea.estadotarea", "pk": 81, "fields": {"tarea": 25, "tipo": 3, "timestamp": "2016-12-11T05:10:17.821Z", "usuario": 1}}, {"model": "tarea.estadotarea", "pk": 82, "fields": {"tarea": 26, "tipo": 1, "timestamp": "2016-12-11T05:10:58.575Z", "usuario": null}}, {"model": "tarea.estadotarea", "pk": 83, "fields": {"tarea": 27, "tipo": 1, "timestamp": "2016-12-11T05:11:11.619Z", "usuario": null}}, {"model": "tarea.estadotarea", "pk": 84, "fields": {"tarea": 27, "tipo": 2, "timestamp": "2016-12-11T05:11:29.748Z", "usuario": 1}}, {"model": "tarea.estadotarea", "pk": 85, "fields": {"tarea": 26, "tipo": 2, "timestamp": "2016-12-11T05:11:29.800Z", "usuario": 1}}, {"model": "tarea.estadotarea", "pk": 86, "fields": {"tarea": 27, "tipo": 3, "timestamp": "2016-12-11T05:11:33.818Z", "usuario": 1}}, {"model": "tarea.estadotarea", "pk": 87, "fields": {"tarea": 26, "tipo": 3, "timestamp": "2016-12-11T05:11:33.836Z", "usuario": 1}}, {"model": "tarea.estadotarea", "pk": 88, "fields": {"tarea": 28, "tipo": 1, "timestamp": "2017-12-12T05:34:53.417Z", "usuario": null}}, {"model": "tarea.estadotarea", "pk": 89, "fields": {"tarea": 29, "tipo": 1, "timestamp": "2017-12-12T05:34:58.950Z", "usuario": null}}, {"model": "tarea.estadotarea", "pk": 90, "fields": {"tarea": 30, "tipo": 1, "timestamp": "2017-12-12T05:35:03.805Z", "usuario": null}}, {"model": "tarea.estadotarea", "pk": 91, "fields": {"tarea": 29, "tipo": 2, "timestamp": "2017-12-12T05:35:46.583Z", "usuario": 1}}, {"model": "tarea.estadotarea", "pk": 92, "fields": {"tarea": 28, "tipo": 2, "timestamp": "2017-12-12T05:35:46.652Z", "usuario": 1}}, {"model": "tarea.estadotarea", "pk": 93, "fields": {"tarea": 30, "tipo": 2, "timestamp": "2017-12-12T05:35:46.663Z", "usuario": 1}}, {"model": "tarea.estadotarea", "pk": 94, "fields": {"tarea": 29, "tipo": 3, "timestamp": "2017-12-12T05:35:51.560Z", "usuario": 1}}, {"model": "tarea.estadotarea", "pk": 95, "fields": {"tarea": 28, "tipo": 3, "timestamp": "2017-12-12T05:35:51.599Z", "usuario": 1}}, {"model": "tarea.estadotarea", "pk": 96, "fields": {"tarea": 30, "tipo": 3, "timestamp": "2017-12-12T05:35:51.610Z", "usuario": 1}}]